#Replicon Name	Replicon Accession	Start	Stop	Strand	GeneID	Locus	Locus tag	Protein product	Length	Protein name
chr	NC_007899.1	216	1808	+	-	-	CF_RS00005	WP_011457558.1	530	hypothetical protein
chr	NC_007899.1	1890	2144	+	-	-	CF_RS00010	WP_011457559.1	84	hypothetical protein
chr	NC_007899.1	2253	3125	-	-	-	CF_RS00020	WP_011457560.1	290	polyprenyl synthetase family protein
chr	NC_007899.1	3151	3765	-	-	-	CF_RS00025	WP_011457561.1	204	UDP-GlcNAc pyrophosphorylase
chr	NC_007899.1	3839	4537	-	-	-	CF_RS00030	WP_011457562.1	232	DNA-binding response regulator
chr	NC_007899.1	4737	6581	+	-	-	CF_RS00035	WP_011457563.1	614	DUF1347 domain-containing protein
chr	NC_007899.1	6616	8103	+	-	-	CF_RS00040	WP_011457564.1	495	exodeoxyribonuclease V subunit alpha
chr	NC_007899.1	8127	8969	-	-	-	CF_RS00045	WP_011457565.1	280	hypothetical protein
chr	NC_007899.1	9001	9297	-	-	-	CF_RS00050	WP_011457566.1	98	30S ribosomal protein S20
chr	NC_007899.1	9589	10794	+	-	-	CF_RS00055	WP_011457568.1	401	hypothetical protein
chr	NC_007899.1	10905	12623	+	-	-	CF_RS00060	WP_041467914.1	572	RNA polymerase sigma factor
chr	NC_007899.1	12677	13033	+	-	-	CF_RS00065	WP_083755024.1	118	dihydroneopterin aldolase
chr	NC_007899.1	13030	14373	+	-	-	CF_RS00070	WP_011457571.1	447	dihydropteroate synthase
chr	NC_007899.1	14366	14854	+	-	-	CF_RS00075	WP_011457572.1	162	dihydrofolate reductase
chr	NC_007899.1	14826	15560	+	-	-	CF_RS00080	WP_011457573.1	244	putative folate metabolism gamma-glutamate ligase
chr	NC_007899.1	15577	16281	+	-	-	CF_RS00085	WP_011457574.1	234	CADD family putative folate metabolism protein
chr	NC_007899.1	16339	17391	-	-	-	CF_RS00090	WP_011457575.1	350	recombinase RecA
chr	NC_007899.1	17805	18347	-	-	-	CF_RS00095	WP_011457576.1	180	5-formyltetrahydrofolate cyclo-ligase
chr	NC_007899.1	18350	19627	-	-	-	CF_RS00100	WP_011457577.1	425	hypothetical protein
chr	NC_007899.1	19618	20202	-	-	-	CF_RS00105	WP_011457578.1	194	hypothetical protein
chr	NC_007899.1	20199	21596	-	-	-	CF_RS00110	WP_011457579.1	465	hypothetical protein
chr	NC_007899.1	21694	21990	+	-	-	CF_RS00115	WP_011457580.1	98	YggT family protein
chr	NC_007899.1	21969	22988	+	-	-	CF_RS00120	WP_011457581.1	339	tRNA dihydrouridine synthase DusB
chr	NC_007899.1	22964	25552	-	-	-	CF_RS00125	WP_011457582.1	862	type I DNA topoisomerase
chr	NC_007899.1	26191	26988	+	-	-	CF_RS00130	WP_011457583.1	265	hypothetical protein
chr	NC_007899.1	27009	28277	-	-	-	CF_RS00135	WP_011457584.1	422	RNA polymerase factor sigma-54
chr	NC_007899.1	28280	30190	-	-	-	CF_RS00140	WP_011457585.1	636	ATP-dependent DNA helicase
chr	NC_007899.1	30303	30992	+	-	-	CF_RS00145	WP_011457586.1	229	uracil-DNA glycosylase
chr	NC_007899.1	30989	31222	+	-	-	CF_RS00150	WP_011457587.1	77	hypothetical protein
chr	NC_007899.1	31205	31825	-	-	-	CF_RS00155	WP_011457588.1	206	RdgB/HAM1 family non-canonical purine NTP pyrophosphatase
chr	NC_007899.1	32062	33303	+	-	-	CF_RS00160	WP_011457589.1	413	DUF1343 domain-containing protein
chr	NC_007899.1	33407	35041	+	-	-	CF_RS00165	WP_011457590.1	544	molecular chaperone GroEL
chr	NC_007899.1	35275	35865	+	-	-	CF_RS00175	WP_041467919.1	196	peroxiredoxin
chr	NC_007899.1	35862	36260	-	-	-	CF_RS00180	WP_011457592.1	132	hypothetical protein
chr	NC_007899.1	36360	36974	-	-	-	CF_RS00185	WP_011457593.1	204	LysM peptidoglycan-binding domain-containing protein
chr	NC_007899.1	36964	37539	-	-	-	CF_RS00190	WP_011457594.1	191	OmpA family protein
chr	NC_007899.1	37550	38833	-	-	tolB	CF_RS00195	WP_041468046.1	427	protein TolB
chr	NC_007899.1	38853	39608	-	-	-	CF_RS00200	WP_011457596.1	251	hypothetical protein
chr	NC_007899.1	39611	40018	-	-	-	CF_RS00205	WP_011457597.1	135	biopolymer transporter ExbD
chr	NC_007899.1	40015	40713	-	-	-	CF_RS00210	WP_011457598.1	232	MotA/TolQ/ExbB proton channel family protein
chr	NC_007899.1	40885	43026	+	-	-	CF_RS00215	WP_041468048.1	713	thio:disulfide interchange protein
chr	NC_007899.1	43197	43997	+	-	-	CF_RS00220	WP_011457600.1	266	YchF/TatD family DNA exonuclease
chr	NC_007899.1	44092	44985	+	-	-	CF_RS00225	WP_011457601.1	297	succinate dehydrogenase
chr	NC_007899.1	44990	46873	+	-	-	CF_RS00230	WP_011457602.1	627	succinate dehydrogenase flavoprotein subunit
chr	NC_007899.1	46888	47679	+	-	-	CF_RS00235	WP_011457603.1	263	succinate dehydrogenase iron-sulfur subunit
chr	NC_007899.1	47676	50567	-	-	-	CF_RS00240	WP_011457604.1	963	hypothetical protein
chr	NC_007899.1	50951	51157	+	-	-	CF_RS00245	WP_083755029.1	68	hypothetical protein
chr	NC_007899.1	51143	52963	-	-	-	CF_RS00250	WP_011457606.1	606	regulator of sigma subunit
chr	NC_007899.1	52960	54867	-	-	-	CF_RS00255	WP_011457607.1	635	HAMP domain-containing protein
chr	NC_007899.1	55130	56404	-	-	-	CF_RS00260	WP_011457608.1	424	phosphopyruvate hydratase
chr	NC_007899.1	56569	58539	-	-	-	CF_RS00265	WP_011457609.1	656	excinuclease ABC subunit B
chr	NC_007899.1	58553	59590	-	-	-	CF_RS00270	WP_011457610.1	345	tryptophan--tRNA ligase
chr	NC_007899.1	59603	60157	-	-	-	CF_RS00275	WP_011457611.1	184	hypothetical protein
chr	NC_007899.1	60160	60912	-	-	-	CF_RS00280	WP_011457612.1	250	virulence factor
chr	NC_007899.1	60917	61684	-	-	-	CF_RS00285	WP_011457613.1	255	ParA family protein
chr	NC_007899.1	61714	63621	-	-	-	CF_RS00290	WP_011457614.1	635	threonine--tRNA ligase
chr	NC_007899.1	63828	64736	+	-	-	CF_RS00295	WP_011457615.1	302	DMT family transporter
chr	NC_007899.1	64816	66135	-	-	-	CF_RS00300	WP_011457616.1	439	type III secretion system protein
chr	NC_007899.1	66163	67644	-	-	-	CF_RS00305	WP_011457617.1	493	type III secretion system membrane protein
chr	NC_007899.1	67684	68067	-	-	-	CF_RS00310	WP_011457618.1	127	hypothetical protein
chr	NC_007899.1	68091	68774	-	-	-	CF_RS00315	WP_011457619.1	227	CesD/SycD/LcrH family type III secretion system chaperone
chr	NC_007899.1	69002	70744	+	-	-	CF_RS00320	WP_011457620.1	580	DNA mismatch repair endonuclease MutL
chr	NC_007899.1	70748	71818	+	-	-	CF_RS00325	WP_011457621.1	356	aminopeptidase P family protein
chr	NC_007899.1	71938	73251	+	-	-	CF_RS00330	WP_011457622.1	437	hypothetical protein
chr	NC_007899.1	73252	75519	+	-	-	CF_RS00335	WP_011457623.1	755	type II secretion system protein GspD
chr	NC_007899.1	75509	77002	+	-	-	CF_RS00340	WP_041468050.1	497	type II/IV secretion system protein
chr	NC_007899.1	77014	78189	+	-	-	CF_RS00345	WP_011457625.1	391	type II secretion system F family protein
chr	NC_007899.1	78210	78587	+	-	-	CF_RS00350	WP_041468051.1	125	prepilin-type cleavage/methylation domain-containing protein
chr	NC_007899.1	78596	79033	+	-	-	CF_RS00355	WP_011457627.1	145	hypothetical protein
chr	NC_007899.1	79018	79569	+	-	-	CF_RS00360	WP_011457628.1	183	DUF1494 domain-containing protein
chr	NC_007899.1	79572	80576	+	-	-	CF_RS00365	WP_011457629.1	334	hypothetical protein
chr	NC_007899.1	80670	81119	+	-	-	CF_RS00370	WP_011457630.1	149	hypothetical protein
chr	NC_007899.1	81201	82070	-	-	-	CF_RS00375	WP_011457631.1	289	EscT/YscT/HrcT family type III secretion system export apparatus protein
chr	NC_007899.1	82077	82361	-	-	-	CF_RS00380	WP_011457632.1	94	EscS/YscS/HrcS family type III secretion system export apparatus protein
chr	NC_007899.1	82371	83288	-	-	-	CF_RS00385	WP_011457633.1	305	EscR/YscR/HrcR family type III secretion system export apparatus protein
chr	NC_007899.1	83303	83992	-	-	-	CF_RS00390	WP_011457634.1	229	HrpE/YscL family type III secretion apparatus protein
chr	NC_007899.1	84159	84992	-	-	-	CF_RS00395	WP_011457635.1	277	hypothetical protein
chr	NC_007899.1	84992	85984	-	-	-	CF_RS00400	WP_011457636.1	330	EscJ/YscJ/HrcJ family type III secretion inner membrane ring protein
chr	NC_007899.1	86189	87127	-	-	-	CF_RS00405	WP_011457637.1	312	lipoyl synthase
chr	NC_007899.1	87124	88512	-	-	-	CF_RS00410	WP_011457638.1	462	dihydrolipoyl dehydrogenase
chr	NC_007899.1	88773	89237	+	-	-	CF_RS00415	WP_011457639.1	154	phage holin family protein
chr	NC_007899.1	89260	92880	-	-	-	CF_RS00420	WP_011457640.1	1206	DEAD/DEAH box helicase
chr	NC_007899.1	92915	94144	-	-	-	CF_RS00425	WP_011457641.1	409	branched-chain amino acid transport system II carrier protein
chr	NC_007899.1	94312	94950	-	-	-	CF_RS00430	WP_011457642.1	212	endonuclease III
chr	NC_007899.1	94940	96271	-	-	-	CF_RS00435	WP_011457643.1	443	tRNA uridine-5-carboxymethylaminomethyl(34) synthesis GTPase MnmE
chr	NC_007899.1	96430	97329	+	-	-	CF_RS00440	WP_011457644.1	299	phosphatidylserine decarboxylase
chr	NC_007899.1	97395	98720	+	-	-	CF_RS00445	WP_011457645.1	441	hypothetical protein
chr	NC_007899.1	98906	101815	+	-	-	CF_RS00450	WP_011457646.1	969	preprotein translocase subunit SecA
chr	NC_007899.1	101871	102401	-	-	-	CF_RS00455	WP_011457647.1	176	hypothetical protein
chr	NC_007899.1	102475	103902	-	-	-	CF_RS00460	WP_011457648.1	475	ribosome biogenesis GTPase Der
chr	NC_007899.1	104025	105257	-	-	-	CF_RS00465	WP_011457649.1	410	CCA tRNA nucleotidyltransferase
chr	NC_007899.1	105287	106552	-	-	-	CF_RS00470	WP_011457650.1	421	ATP-dependent Clp protease ATP-binding subunit ClpX
chr	NC_007899.1	106562	107173	-	-	-	CF_RS00475	WP_011457651.1	203	ATP-dependent Clp protease proteolytic subunit
chr	NC_007899.1	107353	108678	-	-	-	CF_RS00480	WP_011457652.1	441	trigger factor
chr	NC_007899.1	108974	112471	+	-	-	CF_RS00490	WP_011457653.1	1165	DEAD/DEAH box helicase
chr	NC_007899.1	112476	113576	+	-	-	CF_RS00495	WP_011457654.1	366	rod shape-determining protein
chr	NC_007899.1	113573	115375	+	-	-	CF_RS00500	WP_011457655.1	600	phosphoenolpyruvate carboxykinase (GTP)
chr	NC_007899.1	115498	117738	+	-	-	CF_RS00505	WP_011457656.1	746	hypothetical protein
chr	NC_007899.1	117747	118913	+	-	-	CF_RS00510	WP_011457657.1	388	hypothetical protein
chr	NC_007899.1	118910	119944	-	-	-	CF_RS00515	WP_011457658.1	344	membrane protein
chr	NC_007899.1	120077	121081	-	-	-	CF_RS00520	WP_011457659.1	334	NAD(P)-dependent glycerol-3-phosphate dehydrogenase
chr	NC_007899.1	121078	122460	-	-	-	CF_RS00525	WP_011457660.1	460	UDP-N-acetylglucosamine pyrophosphorylase
chr	NC_007899.1	122832	124136	-	-	-	CF_RS00535	WP_011457662.1	434	FliI/YscN family ATPase
chr	NC_007899.1	124133	124684	-	-	-	CF_RS00540	WP_041467925.1	183	hypothetical protein
chr	NC_007899.1	124708	125721	-	-	-	CF_RS00545	WP_011457664.1	337	type III secretion system protein
chr	NC_007899.1	125823	126644	-	-	-	CF_RS00550	WP_011457665.1	273	hypothetical protein
chr	NC_007899.1	126641	127798	-	-	-	CF_RS00555	WP_011457666.1	385	aminotransferase class V-fold PLP-dependent enzyme
chr	NC_007899.1	127753	128436	-	-	-	CF_RS00560	WP_011457667.1	227	2,3-bisphosphoglycerate-dependent phosphoglycerate mutase
chr	NC_007899.1	128592	129290	+	-	-	CF_RS00565	WP_041467926.1	232	rRNA pseudouridine synthase
chr	NC_007899.1	129333	129860	+	-	-	CF_RS00570	WP_011457669.1	175	hypothetical protein
chr	NC_007899.1	129828	130406	-	-	-	CF_RS00575	WP_011457670.1	192	biotin-
chr	NC_007899.1	130443	131582	+	-	-	CF_RS00580	WP_011457671.1	379	FtsW/RodA/SpoVE family cell cycle protein
chr	NC_007899.1	131585	133558	-	-	-	CF_RS00585	WP_011457672.1	657	cation-translocating P-type ATPase
chr	NC_007899.1	133574	134317	-	-	-	CF_RS00590	WP_011457673.1	247	membrane protein
chr	NC_007899.1	134380	135660	-	-	-	CF_RS00595	WP_011457674.1	426	serine--tRNA ligase
chr	NC_007899.1	135704	136837	+	-	-	CF_RS00600	WP_011457675.1	377	bifunctional diaminohydroxyphosphoribosylaminopyrimidine deaminase/5-amino-6-(5-phosphoribosylamino)uracil reductase RibD
chr	NC_007899.1	136895	138154	+	-	-	CF_RS00605	WP_011457676.1	419	bifunctional 3,4-dihydroxy-2-butanone-4-phosphate synthase/GTP cyclohydrolase II
chr	NC_007899.1	138167	138631	+	-	-	CF_RS00610	WP_011457677.1	154	6,7-dimethyl-8-ribityllumazine synthase
chr	NC_007899.1	138649	140016	-	-	-	CF_RS00615	WP_011457678.1	455	hypothetical protein
chr	NC_007899.1	140276	140920	+	-	-	CF_RS00620	WP_011457679.1	214	hypothetical protein
chr	NC_007899.1	141027	142403	+	-	-	CF_RS00625	WP_011457680.1	458	sodium:alanine symporter family protein
chr	NC_007899.1	142417	142869	+	-	-	CF_RS00630	WP_011457681.1	150	YbhB/YbcL family Raf kinase inhibitor-like protein
chr	NC_007899.1	142874	143533	-	-	-	CF_RS00635	WP_011457682.1	219	SET domain-containing protein-lysine N-methyltransferase
chr	NC_007899.1	143530	144318	-	-	-	CF_RS00640	WP_011457683.1	262	MBL fold metallo-hydrolase
chr	NC_007899.1	144323	146740	-	-	-	CF_RS00645	WP_011457684.1	805	DNA translocase FtsK
chr	NC_007899.1	147212	147604	-	-	-	CF_RS00655	WP_041467927.1	130	hypothetical protein
chr	NC_007899.1	152984	154870	+	-	-	CF_RS00675	WP_011457686.1	628	DUF687 domain-containing protein
chr	NC_007899.1	154885	156180	-	-	-	CF_RS00680	WP_011457687.1	431	NADH:ubiquinone reductase (Na(+)-transporting) subunit F
chr	NC_007899.1	156299	156652	-	-	-	CF_RS00685	WP_011457688.1	117	preprotein translocase subunit YajC
chr	NC_007899.1	156723	157928	-	-	-	CF_RS00690	WP_011457689.1	401	23S rRNA (uracil(1939)-C(5))-methyltransferase RlmD
chr	NC_007899.1	158152	158532	-	-	-	CF_RS00695	WP_011457690.1	126	histone
chr	NC_007899.1	158938	161445	+	-	-	CF_RS00700	WP_011457692.1	835	hypothetical protein
chr	NC_007899.1	161416	162684	-	-	-	CF_RS00705	WP_011457693.1	422	protoporphyrinogen oxidase
chr	NC_007899.1	162681	164057	-	-	-	CF_RS00710	WP_011457694.1	458	oxygen-independent coproporphyrinogen III oxidase
chr	NC_007899.1	164030	165031	-	-	-	CF_RS00715	WP_011457695.1	333	uroporphyrinogen decarboxylase
chr	NC_007899.1	165041	168295	-	-	-	CF_RS00720	WP_011457696.1	1084	transcription-repair coupling factor
chr	NC_007899.1	168265	170892	-	-	-	CF_RS00725	WP_011457697.1	875	alanine--tRNA ligase
chr	NC_007899.1	171152	173149	+	-	-	CF_RS00730	WP_011457698.1	665	transketolase
chr	NC_007899.1	173143	174018	-	-	-	CF_RS00735	WP_011457699.1	291	AMP nucleosidase
chr	NC_007899.1	174224	174796	+	-	-	CF_RS00740	WP_011457700.1	190	elongation factor P
chr	NC_007899.1	174854	175075	+	-	-	CF_RS00745	WP_011457701.1	73	hypothetical protein
chr	NC_007899.1	175125	176006	-	-	-	CF_RS00750	WP_011457702.1	293	metallophosphoesterase
chr	NC_007899.1	176419	177945	-	-	-	CF_RS00755	WP_011457703.1	508	heat-shock protein Hsp60 subunit
chr	NC_007899.1	178327	179673	+	-	-	CF_RS00765	WP_011457704.1	448	UDP-N-acetylmuramoyl-tripeptide--D-alanyl-D-alanine ligase
chr	NC_007899.1	179691	180737	+	-	-	CF_RS00770	WP_011457705.1	348	phospho-N-acetylmuramoyl-pentapeptide-transferase
chr	NC_007899.1	180741	182000	+	-	murD	CF_RS00775	WP_011457706.1	419	UDP-N-acetylmuramoyl-L-alanine--D-glutamate ligase
chr	NC_007899.1	181997	182725	+	-	-	CF_RS00780	WP_011457707.1	242	LysM peptidoglycan-binding domain-containing protein
chr	NC_007899.1	182744	183898	+	-	-	CF_RS00785	WP_011457708.1	384	putative lipid II flippase FtsW
chr	NC_007899.1	183810	184883	+	-	-	CF_RS00790	WP_011457709.1	357	undecaprenyldiphospho-muramoylpentapeptide beta-N-acetylglucosaminyltransferase
chr	NC_007899.1	184891	187326	+	-	-	CF_RS00795	WP_011457710.1	811	D-alanine--D-alanine ligase
chr	NC_007899.1	187394	187822	-	-	-	CF_RS00800	WP_011457711.1	142	KH domain-containing protein
chr	NC_007899.1	187931	188263	-	-	-	CF_RS00805	WP_011457712.1	110	divalent-cation tolerance protein CutA
chr	NC_007899.1	188260	189048	-	-	-	CF_RS00810	WP_011457713.1	262	hypothetical protein
chr	NC_007899.1	189124	189456	+	-	-	CF_RS00815	WP_011457714.1	110	anti-sigma factor antagonist
chr	NC_007899.1	189468	190496	+	-	-	CF_RS00820	WP_011457715.1	342	tRNA (adenosine(37)-N6)-dimethylallyltransferase MiaA
chr	NC_007899.1	190487	191548	-	-	-	CF_RS00825	WP_011457716.1	353	dehypoxanthine futalosine cyclase
chr	NC_007899.1	191637	193301	+	-	-	CF_RS00830	WP_011457717.1	554	hypothetical protein
chr	NC_007899.1	193298	193936	+	-	-	CF_RS00835	WP_011457718.1	212	haloacid dehalogenase
chr	NC_007899.1	193995	194354	+	-	-	CF_RS00840	WP_011457719.1	119	ribosome silencing factor
chr	NC_007899.1	194372	195622	+	-	-	CF_RS00845	WP_011457720.1	416	beta-ketoacyl
chr	NC_007899.1	195625	196074	+	-	-	CF_RS00850	WP_011457721.1	149	NUDIX domain-containing protein
chr	NC_007899.1	196120	196758	-	-	-	CF_RS00855	WP_011457722.1	212	inorganic pyrophosphatase
chr	NC_007899.1	196922	197971	+	-	-	CF_RS00860	WP_011457723.1	349	Glu/Leu/Phe/Val dehydrogenase
chr	NC_007899.1	197968	198948	-	-	-	CF_RS00865	WP_011457724.1	326	3\'(2\'),5\'-bisphosphate nucleotidase
chr	NC_007899.1	199056	199817	+	-	-	CF_RS00870	WP_011457725.1	253	1-acyl-sn-glycerol-3-phosphate acyltransferase
chr	NC_007899.1	201505	202611	+	-	-	CF_RS00880	WP_011457727.1	368	aminotransferase class I/II-fold pyridoxal phosphate-dependent enzyme
chr	NC_007899.1	202543	204792	-	-	-	CF_RS00885	WP_011457728.1	749	primosomal protein N\'
chr	NC_007899.1	204744	205457	-	-	-	CF_RS00890	WP_011457729.1	237	hypothetical protein
chr	NC_007899.1	205630	206139	+	-	-	CF_RS00895	WP_011457730.1	169	thioredoxin family protein
chr	NC_007899.1	206366	207946	+	-	-	CF_RS00900	WP_011457731.1	526	lysine--tRNA ligase
chr	NC_007899.1	207943	209373	-	-	-	CF_RS00905	WP_011457732.1	476	cysteine--tRNA ligase
chr	NC_007899.1	209802	210848	+	-	-	CF_RS00910	WP_011457734.1	348	thioredoxin family protein
chr	NC_007899.1	210790	211209	-	-	-	CF_RS05170	WP_011457735.1	139	ribonuclease P protein component
chr	NC_007899.1	211223	211360	-	-	-	CF_RS05175	WP_011457736.1	45	50S ribosomal protein L34
chr	NC_007899.1	211621	211758	+	-	-	CF_RS00915	WP_011006789.1	45	MULTISPECIES: 50S ribosomal protein L36
chr	NC_007899.1	211784	212089	+	-	-	CF_RS00920	WP_006344408.1	101	MULTISPECIES: 30S ribosomal protein S14
chr	NC_007899.1	212149	212658	-	-	-	CF_RS00925	WP_011457737.1	169	hypothetical protein
chr	NC_007899.1	212749	213237	+	-	-	CF_RS00930	WP_011457738.1	162	Asp23/Gls24 family envelope stress response protein
chr	NC_007899.1	213246	215060	-	-	-	CF_RS00935	WP_011457739.1	604	excinuclease ABC subunit UvrC
chr	NC_007899.1	215063	217543	-	-	-	CF_RS00940	WP_011457740.1	826	DNA mismatch repair protein MutS
chr	NC_007899.1	217847	219637	+	-	-	CF_RS00945	WP_011457741.1	596	DNA primase
chr	NC_007899.1	219746	220015	+	-	-	CF_RS00950	WP_011457742.1	89	hypothetical protein
chr	NC_007899.1	220176	220670	+	-	-	CF_RS00955	WP_011457743.1	164	hypothetical protein
chr	NC_007899.1	220891	221406	+	-	-	CF_RS00960	WP_011457744.1	171	hypothetical protein
chr	NC_007899.1	221522	221968	+	-	-	CF_RS00965	WP_011457745.1	148	hypothetical protein
chr	NC_007899.1	222049	225072	-	-	-	CF_RS00970	WP_011457746.1	1007	glycine--tRNA ligase
chr	NC_007899.1	225354	225968	+	-	-	CF_RS00975	WP_041468056.1	204	CDP-diacylglycerol--glycerol-3-phosphate 3-phosphatidyltransferase
chr	NC_007899.1	225950	227377	-	-	-	CF_RS00980	WP_011457748.1	475	glycogen synthase GlgA
chr	NC_007899.1	227867	228424	+	-	-	CF_RS00990	WP_011457749.1	185	50S ribosomal protein L25
chr	NC_007899.1	228432	228983	+	-	-	CF_RS00995	WP_011457750.1	183	aminoacyl-tRNA hydrolase
chr	NC_007899.1	229060	229398	+	-	-	CF_RS01000	WP_011457751.1	112	30S ribosomal protein S6
chr	NC_007899.1	229416	229664	+	-	-	CF_RS01005	WP_006343478.1	82	MULTISPECIES: 30S ribosomal protein S18
chr	NC_007899.1	229685	230206	+	-	-	CF_RS01010	WP_011457752.1	173	50S ribosomal protein L9
chr	NC_007899.1	230257	231129	+	-	-	CF_RS01015	WP_011457753.1	290	4-(cytidine 5\'-diphospho)-2-C-methyl-D-erythritol kinase
chr	NC_007899.1	231109	231336	-	-	-	CF_RS01020	WP_011457754.1	75	reticulate body protein Rbp-7
chr	NC_007899.1	231532	232884	+	-	-	CF_RS01025	WP_011457755.1	450	membrane protein
chr	NC_007899.1	235711	236706	-	-	-	CF_RS01035	WP_041468058.1	331	glycerol-3-phosphate acyltransferase
chr	NC_007899.1	236715	238247	-	-	-	CF_RS01040	WP_011457759.1	510	ribonuclease E/G
chr	NC_007899.1	238557	239018	+	-	-	CF_RS01045	WP_011457760.1	153	hypothetical protein
chr	NC_007899.1	239031	239213	+	-	-	CF_RS05180	WP_011457761.1	60	50S ribosomal protein L32
chr	NC_007899.1	239229	240179	+	-	-	CF_RS01050	WP_011457762.1	316	phosphate acyltransferase PlsX
chr	NC_007899.1	240285	244895	+	-	-	CF_RS01055	WP_011457763.1	1536	autotransporter domain-containing protein
chr	NC_007899.1	244971	246269	-	-	-	CF_RS01060	WP_011457764.1	432	DUF1548 domain-containing protein
chr	NC_007899.1	249707	250966	-	-	-	CF_RS01070	WP_011457768.1	419	DUF1548 domain-containing protein
chr	NC_007899.1	251506	252609	+	-	-	CF_RS01075	WP_011457769.1	367	hypothetical protein
chr	NC_007899.1	252883	253941	+	-	-	CF_RS01080	WP_041467931.1	352	IncA family protein
chr	NC_007899.1	254123	256693	+	-	-	CF_RS01090	WP_011457771.1	856	IncA family protein
chr	NC_007899.1	257034	258179	+	-	-	CF_RS01095	WP_011457772.1	381	IncA family protein
chr	NC_007899.1	258821	259543	+	-	-	CF_RS01100	WP_011457773.1	240	hypothetical protein
chr	NC_007899.1	259747	260808	+	-	-	CF_RS01105	WP_011457774.1	353	IncA family protein
chr	NC_007899.1	260843	262720	-	-	lpxB	CF_RS01110	WP_011457775.1	625	lipid-A-disaccharide synthase
chr	NC_007899.1	262734	264017	-	-	-	CF_RS01115	WP_011457776.1	427	polynucleotide adenylyltransferase PcnB
chr	NC_007899.1	264262	264471	+	-	-	CF_RS01120	WP_011457777.1	69	hypothetical protein
chr	NC_007899.1	264659	266035	+	-	-	CF_RS01125	WP_011457778.1	458	phosphoglucosamine mutase
chr	NC_007899.1	266044	267873	+	-	-	CF_RS01130	WP_011457779.1	609	glutamine--fructose-6-phosphate transaminase (isomerizing)
chr	NC_007899.1	267946	269133	+	-	-	CF_RS01135	WP_011457780.1	395	amino acid transporter
chr	NC_007899.1	269189	269905	+	-	-	CF_RS01140	WP_011457781.1	238	Bax inhibitor-1/YccA family protein
chr	NC_007899.1	269920	270777	-	-	-	CF_RS01145	WP_011457782.1	285	signal recognition particle-docking protein FtsY
chr	NC_007899.1	270848	272014	+	-	-	CF_RS01150	WP_011457783.1	388	ADP-forming succinate--CoA ligase subunit beta
chr	NC_007899.1	272023	272898	+	-	-	CF_RS01155	WP_011457784.1	291	succinate--CoA ligase subunit alpha
chr	NC_007899.1	273236	274702	+	-	-	CF_RS01160	WP_011457785.1	488	DegQ family serine endoprotease
chr	NC_007899.1	274760	276124	-	-	-	CF_RS01165	WP_011457786.1	454	M20/M25/M40 family metallo-hydrolase
chr	NC_007899.1	276273	279197	+	-	-	CF_RS01170	WP_011457787.1	974	insulinase family protein
chr	NC_007899.1	279200	280441	-	-	-	CF_RS01175	WP_011457788.1	413	DNA recombination protein RmuC
chr	NC_007899.1	280438	281244	-	-	-	CF_RS01180	WP_011457789.1	268	phosphatidylcholine/phosphatidylserine synthase
chr	NC_007899.1	281619	284756	+	-	-	CF_RS01185	WP_011457791.1	1045	ribonucleoside-diphosphate reductase subunit alpha
chr	NC_007899.1	284780	285820	+	-	-	CF_RS01190	WP_041468061.1	346	ribonucleotide-diphosphate reductase subunit beta
chr	NC_007899.1	285992	286666	+	-	-	CF_RS05150	WP_011457793.1	224	tRNA (guanosine(46)-N7)-methyltransferase TrmB
chr	NC_007899.1	286780	287373	+	-	-	CF_RS01200	WP_011457794.1	197	SAM-dependent methyltransferase
chr	NC_007899.1	287351	288241	-	-	-	CF_RS01205	WP_011457795.1	296	UDP-N-acetylenolpyruvoylglucosamine reductase
chr	NC_007899.1	288308	288772	-	-	-	CF_RS01210	WP_011457796.1	154	transcription antitermination factor NusB
chr	NC_007899.1	289189	289749	+	-	-	CF_RS01215	WP_011457797.1	186	translation initiation factor IF-3
chr	NC_007899.1	289727	289921	+	-	-	CF_RS01220	WP_011006725.1	64	MULTISPECIES: 50S ribosomal protein L35
chr	NC_007899.1	289942	290307	+	-	-	CF_RS01225	WP_011457798.1	121	50S ribosomal protein L20
chr	NC_007899.1	290320	291345	+	-	-	CF_RS01230	WP_011457799.1	341	phenylalanine--tRNA ligase subunit alpha
chr	NC_007899.1	291653	293680	+	-	-	CF_RS01240	WP_011457800.1	675	hypothetical protein
chr	NC_007899.1	293667	294770	-	-	-	CF_RS01245	WP_011457801.1	367	LptF/LptG family permease
chr	NC_007899.1	294771	295844	-	-	-	CF_RS01250	WP_011457802.1	357	LptF/LptG family permease
chr	NC_007899.1	295958	296911	+	-	-	CF_RS01255	WP_011457803.1	317	tRNA lysidine(34) synthetase TilS
chr	NC_007899.1	297087	299828	+	-	-	CF_RS01260	WP_011457804.1	913	ATP-dependent zinc metalloprotease FtsH
chr	NC_007899.1	299933	302017	-	-	-	CF_RS01265	WP_011457805.1	694	polyribonucleotide nucleotidyltransferase
chr	NC_007899.1	302064	302333	-	-	-	CF_RS01270	WP_011457806.1	89	30S ribosomal protein S15
chr	NC_007899.1	302578	303051	+	-	-	CF_RS01275	WP_011457807.1	157	nucleoside deaminase
chr	NC_007899.1	303048	303278	+	-	-	CF_RS01280	WP_011457808.1	76	hypothetical protein
chr	NC_007899.1	303275	303982	-	-	-	CF_RS01285	WP_011457809.1	235	hypothetical protein
chr	NC_007899.1	304067	304597	-	-	-	CF_RS01290	WP_011457810.1	176	DUF720 domain-containing protein
chr	NC_007899.1	304617	305135	-	-	-	CF_RS01295	WP_011457811.1	172	DUF720 domain-containing protein
chr	NC_007899.1	305186	305689	-	-	-	CF_RS01300	WP_011457812.1	167	DUF720 domain-containing protein
chr	NC_007899.1	305764	305982	-	-	-	CF_RS05185	WP_083755025.1	72	hypothetical protein
chr	NC_007899.1	305957	306142	+	-	-	CF_RS01305	WP_041468063.1	61	hypothetical protein
chr	NC_007899.1	306170	307432	+	-	-	CF_RS01310	WP_011457814.1	420	hypothetical protein
chr	NC_007899.1	307389	308264	-	-	-	CF_RS01315	WP_011457815.1	291	methionyl aminopeptidase
chr	NC_007899.1	308274	308885	-	-	-	CF_RS01320	WP_011457816.1	203	MarC family protein
chr	NC_007899.1	308898	309506	-	-	-	CF_RS01325	WP_011457817.1	202	MarC family protein
chr	NC_007899.1	309606	310256	+	-	-	CF_RS01330	WP_011457818.1	216	adenylate kinase
chr	NC_007899.1	310165	311997	-	-	-	CF_RS01335	WP_041467933.1	610	ABC transporter permease subunit
chr	NC_007899.1	312050	313432	+	-	-	CF_RS01340	WP_011457820.1	460	class II fumarate hydratase
chr	NC_007899.1	313429	315129	-	-	-	CF_RS01345	WP_011457821.1	566	solute carrier 26 family protein
chr	NC_007899.1	315407	316669	+	-	-	CF_RS01350	WP_011457823.1	420	sodium:proton antiporter
chr	NC_007899.1	316781	318571	+	-	-	CF_RS01355	WP_011457824.1	596	protease-like activity factor CPAF
chr	NC_007899.1	318711	319640	+	-	-	CF_RS01360	WP_011457825.1	309	4-hydroxy-3-methylbut-2-enyl diphosphate reductase
chr	NC_007899.1	319603	320325	+	-	-	CF_RS01365	WP_011457826.1	240	class I SAM-dependent methyltransferase
chr	NC_007899.1	320333	321811	-	-	-	CF_RS01370	WP_011457827.1	492	hypothetical protein
chr	NC_007899.1	321832	323346	-	-	-	CF_RS01375	WP_011457828.1	504	hypothetical protein
chr	NC_007899.1	323371	323889	-	-	-	CF_RS01380	WP_011457829.1	172	CesD/SycD/LcrH family type III secretion system chaperone
chr	NC_007899.1	323889	325337	-	-	-	CF_RS01385	WP_011457830.1	482	hypothetical protein
chr	NC_007899.1	325690	325989	+	-	-	CF_RS01395	WP_083755026.1	99	hypothetical protein
chr	NC_007899.1	325986	326882	-	-	-	CF_RS01400	WP_011457832.1	298	site-specific tyrosine recombinase XerD
chr	NC_007899.1	326955	328562	+	-	-	CF_RS01405	WP_011457833.1	535	glucose-6-phosphate isomerase
chr	NC_007899.1	328791	329036	-	-	-	CF_RS01415	WP_041467935.1	81	hypothetical protein
chr	NC_007899.1	329140	330126	+	-	-	CF_RS01420	WP_011457835.1	328	malate dehydrogenase
chr	NC_007899.1	330148	330972	+	-	-	CF_RS01425	WP_011457836.1	274	hypothetical protein
chr	NC_007899.1	330962	332002	-	-	-	CF_RS01430	WP_011457837.1	346	FAD-binding oxidoreductase
chr	NC_007899.1	332166	333626	-	-	-	CF_RS01435	WP_011457838.1	486	amino acid permease
chr	NC_007899.1	333636	334223	-	-	-	CF_RS01440	WP_011457839.1	195	pyruvoyl-dependent arginine decarboxylase AaxB
chr	NC_007899.1	334257	335591	-	-	-	CF_RS01445	WP_011457840.1	444	porin
chr	NC_007899.1	335693	336487	-	-	-	CF_RS01450	WP_041468065.1	264	DUF2608 domain-containing protein
chr	NC_007899.1	336537	337970	-	-	-	CF_RS01455	WP_011457842.1	477	bifunctional 3-dehydroquinate dehydratase/shikimate dehydrogenase
chr	NC_007899.1	337951	339090	-	-	-	CF_RS01460	WP_011457843.1	379	3-dehydroquinate synthase
chr	NC_007899.1	339087	340166	-	-	-	CF_RS01465	WP_011457844.1	359	chorismate synthase
chr	NC_007899.1	340163	340684	-	-	-	CF_RS01470	WP_011457845.1	173	shikimate kinase
chr	NC_007899.1	340620	341957	-	-	-	CF_RS01475	WP_011457846.1	445	3-phosphoshikimate 1-carboxyvinyltransferase
chr	NC_007899.1	342041	342700	-	-	-	CF_RS01480	WP_011457847.1	219	hypothetical protein
chr	NC_007899.1	342682	343959	-	-	-	CF_RS01485	WP_011457848.1	425	adenosylmethionine--8-amino-7-oxononanoate transaminase
chr	NC_007899.1	343950	344576	-	-	-	CF_RS01490	WP_011457849.1	208	ATP-dependent dethiobiotin synthetase BioD
chr	NC_007899.1	344561	345709	-	-	-	CF_RS01495	WP_011457850.1	382	pyridoxal phosphate-dependent aminotransferase family protein
chr	NC_007899.1	345688	346683	-	-	-	CF_RS01500	WP_011457851.1	331	biotin synthase
chr	NC_007899.1	346931	347776	-	-	-	CF_RS01505	WP_011457852.1	281	SDR family oxidoreductase
chr	NC_007899.1	347755	348870	-	-	-	CF_RS01510	WP_011457853.1	371	membrane protein
chr	NC_007899.1	348960	349619	-	-	-	CF_RS01515	WP_011457854.1	219	membrane protein
chr	NC_007899.1	349600	350439	-	-	-	CF_RS01520	WP_011457855.1	279	phenylalanine 4-monooxygenase
chr	NC_007899.1	350651	351391	+	-	-	CF_RS01525	WP_011457856.1	246	4-hydroxy-tetrahydrodipicolinate reductase
chr	NC_007899.1	351575	352576	+	-	-	CF_RS01530	WP_011457857.1	333	aspartate-semialdehyde dehydrogenase
chr	NC_007899.1	352564	353886	+	-	-	CF_RS01535	WP_011457858.1	440	aspartate kinase
chr	NC_007899.1	353899	354771	+	-	-	CF_RS01540	WP_011457859.1	290	4-hydroxy-tetrahydrodipicolinate synthase
chr	NC_007899.1	354902	355210	+	-	-	CF_RS05190	WP_011457860.1	102	hypothetical protein
chr	NC_007899.1	356579	357169	+	-	-	CF_RS01550	WP_011457862.1	196	biotin biosynthesis protein BioY
chr	NC_007899.1	357661	358110	-	-	-	CF_RS01560	WP_041467937.1	149	Fe-S metabolism protein SufE
chr	NC_007899.1	358112	359086	-	-	-	CF_RS01565	WP_011457864.1	324	hypothetical protein
chr	NC_007899.1	359386	359607	+	-	-	CF_RS01570	WP_006343365.1	73	MULTISPECIES: translation initiation factor IF-1
chr	NC_007899.1	359800	360984	+	-	-	CF_RS01580	WP_011457865.1	394	elongation factor Tu
chr	NC_007899.1	361143	361388	+	-	-	CF_RS01590	WP_011457866.1	81	preprotein translocase subunit SecE
chr	NC_007899.1	361393	361941	+	-	-	CF_RS01595	WP_011457867.1	182	transcription termination/antitermination protein NusG
chr	NC_007899.1	362048	362473	+	-	-	CF_RS01600	WP_011457868.1	141	50S ribosomal protein L11
chr	NC_007899.1	362496	363194	+	-	-	CF_RS01605	WP_011457869.1	232	50S ribosomal protein L1
chr	NC_007899.1	363208	363720	+	-	-	CF_RS01610	WP_011457870.1	170	50S ribosomal protein L10
chr	NC_007899.1	363762	364151	+	-	-	CF_RS01615	WP_041468069.1	129	50S ribosomal protein L7/L12
chr	NC_007899.1	364295	368053	+	-	-	CF_RS01620	WP_011457872.1	1252	DNA-directed RNA polymerase subunit beta
chr	NC_007899.1	368081	372262	+	-	-	CF_RS01625	WP_011457873.1	1393	DNA-directed RNA polymerase subunit beta\'
chr	NC_007899.1	372380	373363	+	-	-	CF_RS01630	WP_011457874.1	327	transaldolase
chr	NC_007899.1	373419	373799	+	-	-	CF_RS01635	WP_041468071.1	126	hypothetical protein
chr	NC_007899.1	373804	374547	-	-	-	CF_RS01640	WP_011457876.1	247	hypothetical protein
chr	NC_007899.1	374664	375290	+	-	-	CF_RS01645	WP_011457877.1	208	V-type ATP synthase subunit E
chr	NC_007899.1	375338	376138	+	-	-	CF_RS01650	WP_011457878.1	266	DUF2764 family protein
chr	NC_007899.1	376132	377898	+	-	-	CF_RS01655	WP_011457879.1	588	V-type ATP synthase subunit A
chr	NC_007899.1	377913	379229	+	-	-	CF_RS01660	WP_011457880.1	438	V-type ATP synthase subunit B
chr	NC_007899.1	379214	379840	+	-	-	CF_RS01665	WP_011457881.1	208	V-type ATP synthase subunit D
chr	NC_007899.1	379831	381780	+	-	-	CF_RS01670	WP_011457882.1	649	V-type ATP synthase subunit I
chr	NC_007899.1	381915	382340	+	-	-	CF_RS01675	WP_011457883.1	141	ATP synthase subunit C
chr	NC_007899.1	382300	382779	+	-	-	CF_RS01680	WP_041467941.1	159	hypothetical protein
chr	NC_007899.1	382835	385657	+	-	-	CF_RS01685	WP_011457885.1	940	valine--tRNA ligase
chr	NC_007899.1	385678	388479	+	-	pknD	CF_RS01690	WP_011457886.1	933	serine/threonine-protein kinase PknD
chr	NC_007899.1	388474	393897	-	-	-	CF_RS01695	WP_011457887.1	1807	excinuclease ABC subunit A
chr	NC_007899.1	394233	395678	+	-	-	CF_RS01700	WP_011457888.1	481	pyruvate kinase
chr	NC_007899.1	395698	395994	-	-	-	CF_RS01705	WP_041467943.1	98	hypothetical protein
chr	NC_007899.1	396063	397421	-	-	-	CF_RS01710	WP_011457890.1	452	lauroyl acyltransferase
chr	NC_007899.1	397633	398916	-	-	-	CF_RS01715	WP_011457891.1	427	hypothetical protein
chr	NC_007899.1	398898	399692	-	-	-	CF_RS01720	WP_011457892.1	264	TIGR00159 family protein
chr	NC_007899.1	399892	401232	+	-	-	CF_RS01725	WP_011457893.1	446	cytochrome ubiquinol oxidase subunit I
chr	NC_007899.1	401235	402296	+	-	-	CF_RS01730	WP_011457894.1	353	cytochrome d ubiquinol oxidase subunit II
chr	NC_007899.1	402510	403739	-	-	-	CF_RS01735	WP_011457895.1	409	hypothetical protein
chr	NC_007899.1	403888	404625	-	-	-	CF_RS01740	WP_011457896.1	245	hypothetical protein
chr	NC_007899.1	404974	406266	+	-	-	CF_RS01745	WP_011457897.1	430	PhoH family protein
chr	NC_007899.1	406279	406728	-	-	-	CF_RS01750	WP_011457898.1	149	hypothetical protein
chr	NC_007899.1	407492	410623	+	-	-	CF_RS01755	WP_011457899.1	1043	isoleucine--tRNA ligase
chr	NC_007899.1	410684	412576	-	-	-	CF_RS01760	WP_011457900.1	630	signal peptidase I
chr	NC_007899.1	412670	412879	+	-	-	CF_RS01765	WP_041467946.1	69	hypothetical protein
chr	NC_007899.1	412896	413645	-	-	-	CF_RS01770	WP_011457901.1	249	hypothetical protein
chr	NC_007899.1	413729	414049	+	-	-	CF_RS01775	WP_011457902.1	106	type B 50S ribosomal protein L31
chr	NC_007899.1	414453	415538	+	-	-	CF_RS01780	WP_011457903.1	361	peptide chain release factor 1
chr	NC_007899.1	415516	416367	+	-	-	CF_RS01785	WP_011457904.1	283	peptide chain release factor N(5)-glutamine methyltransferase
chr	NC_007899.1	416394	417740	+	-	-	CF_RS01790	WP_011457905.1	448	signal recognition particle protein
chr	NC_007899.1	417731	418090	+	-	-	CF_RS01795	WP_011457906.1	119	30S ribosomal protein S16
chr	NC_007899.1	418107	419174	+	-	-	CF_RS01800	WP_011457907.1	355	tRNA (guanosine(37)-N1)-methyltransferase TrmD
chr	NC_007899.1	419199	419567	+	-	-	CF_RS01805	WP_011457908.1	122	50S ribosomal protein L19
chr	NC_007899.1	419621	420250	+	-	-	CF_RS01810	WP_011457909.1	209	ribonuclease HII
chr	NC_007899.1	420262	420876	+	-	-	CF_RS01815	WP_011457910.1	204	guanylate kinase
chr	NC_007899.1	420873	421169	+	-	-	CF_RS01820	WP_011457911.1	98	hypothetical protein
chr	NC_007899.1	421169	422824	+	-	-	CF_RS01825	WP_011457912.1	551	methionine--tRNA ligase
chr	NC_007899.1	422831	425041	-	-	-	CF_RS01830	WP_011457913.1	736	ATP-dependent RecD-like DNA helicase
chr	NC_007899.1	425547	426566	-	-	-	CF_RS01835	WP_011457914.1	339	DMT family transporter
chr	NC_007899.1	426707	427480	+	-	-	CF_RS01840	WP_011457915.1	257	hypothetical protein
chr	NC_007899.1	427815	428615	-	-	-	CF_RS01850	WP_011457916.1	266	hypothetical protein
chr	NC_007899.1	428755	430389	-	-	-	CF_RS01855	WP_011457917.1	544	chaperonin GroEL
chr	NC_007899.1	430438	430746	-	-	-	CF_RS01860	WP_011457918.1	102	co-chaperone GroES
chr	NC_007899.1	430874	432700	-	-	-	CF_RS01865	WP_011457919.1	608	oligoendopeptidase F
chr	NC_007899.1	432789	433544	-	-	-	CF_RS01870	WP_011457920.1	251	Nif3-like dinuclear metal center hexameric protein
chr	NC_007899.1	433891	435147	+	-	-	CF_RS05115	WP_011457921.1	418	DUF1389 domain-containing protein
chr	NC_007899.1	435821	436522	+	-	-	CF_RS01880	WP_011457923.1	233	ribose 5-phosphate isomerase A
chr	NC_007899.1	436519	436959	+	-	-	CF_RS01885	WP_011457924.1	146	bifunctional nuclease family protein
chr	NC_007899.1	436981	437550	+	-	-	CF_RS01890	WP_011457925.1	189	YqgE/AlgH family protein
chr	NC_007899.1	437644	438957	+	-	-	CF_RS01895	WP_011457926.1	437	glutamate-1-semialdehyde 2,1-aminomutase
chr	NC_007899.1	438994	439779	+	-	-	CF_RS01900	WP_011457927.1	261	ABC transporter permease
chr	NC_007899.1	439790	440563	+	-	-	CF_RS01905	WP_011457928.1	257	ATP-binding cassette domain-containing protein
chr	NC_007899.1	440563	441366	+	-	-	CF_RS01910	WP_011457929.1	267	MCE family protein
chr	NC_007899.1	441427	444021	+	-	-	CF_RS01915	WP_011457930.1	864	AAA family ATPase
chr	NC_007899.1	446998	448503	+	-	-	CF_RS01925	WP_011457933.1	501	hypothetical protein
chr	NC_007899.1	448584	449036	+	-	-	CF_RS01930	WP_011457934.1	150	hypothetical protein
chr	NC_007899.1	449126	449446	+	-	-	CF_RS01935	WP_041467949.1	106	hypothetical protein
chr	NC_007899.1	449709	450005	+	-	-	CF_RS01940	WP_011457936.1	98	hypothetical protein
chr	NC_007899.1	450585	450956	+	-	-	CF_RS01945	WP_041468077.1	123	hypothetical protein
chr	NC_007899.1	451200	453056	+	-	-	CF_RS01950	WP_011457938.1	618	serine/threonine protein kinase
chr	NC_007899.1	453064	455052	+	-	-	CF_RS01955	WP_011457939.1	662	NAD-dependent DNA ligase LigA
chr	NC_007899.1	455217	459662	+	-	-	CF_RS01960	WP_011457940.1	1481	hypothetical protein
chr	NC_007899.1	459721	461241	-	-	-	CF_RS01965	WP_011457941.1	506	FAD-dependent monooxygenase
chr	NC_007899.1	461390	462337	-	-	-	CF_RS01970	WP_011457942.1	315	alpha/beta hydrolase
chr	NC_007899.1	462567	465029	+	-	-	CF_RS01975	WP_011457943.1	820	leucine--tRNA ligase
chr	NC_007899.1	465026	466330	+	-	-	CF_RS01980	WP_011457944.1	434	3-deoxy-D-manno-octulosonic acid transferase
chr	NC_007899.1	466591	468213	-	-	-	CF_RS01995	WP_011457945.1	540	diphosphate--fructose-6-phosphate 1-phosphotransferase
chr	NC_007899.1	468223	469032	-	-	-	CF_RS02000	WP_011457946.1	269	alpha/beta hydrolase
chr	NC_007899.1	469156	470811	-	-	-	CF_RS02005	WP_011457947.1	551	diphosphate--fructose-6-phosphate 1-phosphotransferase
chr	NC_007899.1	470922	472334	-	-	-	CF_RS02010	WP_011457948.1	470	anion permease
chr	NC_007899.1	472380	473129	-	-	-	CF_RS02015	WP_011457949.1	249	DUF1186 domain-containing protein
chr	NC_007899.1	473422	474207	-	-	-	CF_RS02020	WP_011457951.1	261	ABC transporter ATP-binding protein
chr	NC_007899.1	474200	475066	-	-	-	CF_RS02025	WP_011457952.1	288	ABC transporter ATP-binding protein
chr	NC_007899.1	475059	475913	-	-	-	CF_RS02030	WP_011457953.1	284	ABC transporter permease
chr	NC_007899.1	475984	476955	-	-	-	CF_RS02035	WP_011457954.1	323	ABC transporter permease
chr	NC_007899.1	477180	478775	-	-	-	CF_RS02040	WP_041468078.1	531	peptide ABC transporter substrate-binding protein
chr	NC_007899.1	478932	480545	-	-	-	CF_RS02045	WP_011457956.1	537	peptide ABC transporter substrate-binding protein
chr	NC_007899.1	480662	481975	-	-	-	CF_RS02050	WP_011457957.1	437	peptide ABC transporter substrate-binding protein
chr	NC_007899.1	482248	482700	-	-	-	CF_RS02055	WP_011457958.1	150	Holliday junction resolvase RuvX
chr	NC_007899.1	482687	484306	-	-	pyrG	CF_RS02060	WP_011457959.1	539	CTP synthase
chr	NC_007899.1	484282	485046	-	-	-	CF_RS02065	WP_011457960.1	254	3-deoxy-manno-octulosonate cytidylyltransferase
chr	NC_007899.1	485213	485905	+	-	-	CF_RS02070	WP_011457961.1	230	hypothetical protein
chr	NC_007899.1	486078	486962	+	-	-	CF_RS02075	WP_011457962.1	294	5\'-methylthioadenosine nucleosidase
chr	NC_007899.1	487242	487949	+	-	-	CF_RS02090	WP_011457963.1	235	ABC transporter ATP-binding protein
chr	NC_007899.1	487934	488629	+	-	-	CF_RS02095	WP_050711607.1	231	hypothetical protein
chr	NC_007899.1	488640	489938	-	-	-	CF_RS02100	WP_041467952.1	432	membrane protein
chr	NC_007899.1	490078	490776	+	-	-	CF_RS02105	WP_041467953.1	232	DsbA family protein
chr	NC_007899.1	490769	491179	+	-	-	CF_RS02110	WP_011457967.1	136	disulfide bond formation protein B
chr	NC_007899.1	491293	491991	-	-	-	CF_RS05120	WP_011457968.1	232	hypothetical protein
chr	NC_007899.1	492176	492643	-	-	-	CF_RS02120	WP_011457969.1	155	hypothetical protein
chr	NC_007899.1	492800	493255	-	-	-	CF_RS02125	WP_011457970.1	151	hypothetical protein
chr	NC_007899.1	493489	494607	-	-	-	CF_RS02130	WP_011457971.1	372	tRNA-guanosine(34) transglycosylase
chr	NC_007899.1	494794	495492	-	-	-	CF_RS02135	WP_050711608.1	232	integral membrane family protein
chr	NC_007899.1	495774	496205	-	-	-	CF_RS02140	WP_011457973.1	143	hypothetical protein
chr	NC_007899.1	496503	496922	-	-	-	CF_RS02145	WP_011457974.1	139	hypothetical protein
chr	NC_007899.1	497385	497780	-	-	-	CF_RS02150	WP_011457975.1	131	hypothetical protein
chr	NC_007899.1	498023	498808	-	-	-	CF_RS02155	WP_011457976.1	261	hypothetical protein
chr	NC_007899.1	499047	499541	-	-	-	CF_RS02160	WP_011457977.1	164	membrane protein
chr	NC_007899.1	499872	500696	+	-	-	CF_RS02165	WP_011457978.1	274	gamma-glutamylcyclotransferase
chr	NC_007899.1	501087	502163	+	-	-	CF_RS02170	WP_011457979.1	358	guanosine monophosphate reductase
chr	NC_007899.1	502180	503718	+	-	-	CF_RS02175	WP_011457980.1	512	glutamine-hydrolyzing GMP synthase
chr	NC_007899.1	503741	505120	+	-	-	CF_RS02180	WP_011457981.1	459	adenosine deaminase
chr	NC_007899.1	505331	506125	+	-	-	CF_RS02185	WP_011457982.1	264	hypothetical protein
chr	NC_007899.1	506260	507144	+	-	-	CF_RS02190	WP_011457983.1	294	hypothetical protein
chr	NC_007899.1	508335	509240	-	-	-	CF_RS02200	WP_011457985.1	301	ribose-phosphate diphosphokinase
chr	NC_007899.1	509237	510514	-	-	-	CF_RS02205	WP_011457986.1	425	kynureninase
chr	NC_007899.1	510526	511299	-	-	-	CF_RS02210	WP_011457987.1	257	tryptophan synthase subunit alpha
chr	NC_007899.1	511292	512467	-	-	-	CF_RS02215	WP_011457988.1	391	tryptophan synthase subunit beta
chr	NC_007899.1	512464	513084	-	-	-	CF_RS02220	WP_011457989.1	206	phosphoribosylanthranilate isomerase
chr	NC_007899.1	513074	513895	-	-	-	CF_RS02225	WP_011457990.1	273	indole-3-glycerol-phosphate synthase
chr	NC_007899.1	513886	514917	-	-	-	CF_RS02230	WP_011457991.1	343	anthranilate phosphoribosyltransferase
chr	NC_007899.1	515174	515479	-	-	-	CF_RS02235	WP_011457992.1	101	trp operon repressor
chr	NC_007899.1	515536	517290	-	-	-	CF_RS02240	WP_011457993.1	584	DUF687 domain-containing protein
chr	NC_007899.1	517837	527733	-	-	-	CF_RS02245	WP_011457994.1	3298	LifA/Efa1-related large cytotoxin
chr	NC_007899.1	528133	530574	+	-	-	CF_RS02250	WP_011457995.1	813	phospholipase D endonuclease
chr	NC_007899.1	530654	530854	+	-	-	CF_RS02255	WP_011457996.1	66	hypothetical protein
chr	NC_007899.1	530829	531329	+	-	-	CF_RS02260	WP_011457997.1	166	hypothetical protein
chr	NC_007899.1	531313	531504	-	-	-	CF_RS02265	WP_011457998.1	63	tryptophan synthase subunit beta
chr	NC_007899.1	531944	532852	+	-	-	CF_RS02270	WP_011458000.1	302	DUF648 domain-containing protein
chr	NC_007899.1	533071	533292	+	-	-	CF_RS02275	WP_041467961.1	73	hypothetical protein
chr	NC_007899.1	533638	534600	+	-	-	CF_RS02280	WP_011458002.1	320	hypothetical protein
chr	NC_007899.1	535062	536081	+	-	-	CF_RS02285	WP_011458003.1	339	hypothetical protein
chr	NC_007899.1	536183	537847	-	-	-	CF_RS02290	WP_011458004.1	554	DUF648 domain-containing protein
chr	NC_007899.1	537998	539002	-	-	-	CF_RS02295	WP_011458005.1	334	DUF648 domain-containing protein
chr	NC_007899.1	539154	540509	-	-	-	CF_RS02300	WP_011458006.1	451	acetyl-CoA carboxylase biotin carboxylase subunit
chr	NC_007899.1	540509	541009	-	-	-	CF_RS02305	WP_011458007.1	166	acetyl-CoA carboxylase biotin carboxyl carrier protein
chr	NC_007899.1	541041	541598	-	-	-	CF_RS02310	WP_011458008.1	185	elongation factor P
chr	NC_007899.1	541585	542280	-	-	-	CF_RS02315	WP_011458009.1	231	ribulose-phosphate 3-epimerase
chr	NC_007899.1	542659	543702	+	-	-	CF_RS02320	WP_011458010.1	347	inclusion membrane protein
chr	NC_007899.1	543838	544653	+	-	-	CF_RS02325	WP_011458011.1	271	class I SAM-dependent methyltransferase
chr	NC_007899.1	544730	546022	+	-	-	CF_RS02330	WP_011458012.1	430	YihY/virulence factor BrkB family protein
chr	NC_007899.1	546019	549444	+	-	-	CF_RS02335	WP_011458013.1	1141	hypothetical protein
chr	NC_007899.1	549558	550922	+	-	-	CF_RS02340	WP_011458014.1	454	hypothetical protein
chr	NC_007899.1	550962	551645	-	-	-	CF_RS02345	WP_011458015.1	227	amino acid ABC transporter ATP-binding protein
chr	NC_007899.1	551635	552288	-	-	-	CF_RS02350	WP_011458016.1	217	amino acid ABC transporter permease
chr	NC_007899.1	552335	552778	-	-	-	CF_RS02355	WP_011458017.1	147	arginine repressor
chr	NC_007899.1	552861	553895	+	-	-	CF_RS02360	WP_011458018.1	344	tRNA (adenosine(37)-N6)-threonylcarbamoyltransferase complex transferase subunit TsaD
chr	NC_007899.1	553841	555433	+	-	-	CF_RS02365	WP_011458019.1	530	peptide ABC transporter substrate-binding protein
chr	NC_007899.1	555639	557180	+	-	-	CF_RS02370	WP_011458020.1	513	glucose-6-phosphate dehydrogenase
chr	NC_007899.1	557204	557980	+	-	-	CF_RS02375	WP_041468085.1	258	6-phosphogluconolactonase
chr	NC_007899.1	558032	559177	-	-	-	CF_RS02380	WP_011458022.1	381	hypothetical protein
chr	NC_007899.1	559307	559711	-	-	-	CF_RS02385	WP_011458023.1	134	hypothetical protein
chr	NC_007899.1	561164	561805	+	-	-	CF_RS02395	WP_011458026.1	213	adenylate kinase
chr	NC_007899.1	561861	562712	+	-	-	CF_RS02400	WP_011458027.1	283	peptidoglycan endopeptidase
chr	NC_007899.1	562820	563221	-	-	-	CF_RS02405	WP_011458028.1	133	30S ribosomal protein S9
chr	NC_007899.1	563235	563687	-	-	-	CF_RS02410	WP_011458029.1	150	50S ribosomal protein L13
chr	NC_007899.1	564194	565468	+	-	-	CF_RS02415	WP_011458031.1	424	DUF1389 domain-containing protein
chr	NC_007899.1	565473	566144	-	-	-	CF_RS02420	WP_011458032.1	223	ABC transporter ATP-binding protein
chr	NC_007899.1	566147	567658	-	-	-	CF_RS02425	WP_011458033.1	503	ABC transporter permease
chr	NC_007899.1	567707	567865	-	-	-	CF_RS02430	WP_020370150.1	52	MULTISPECIES: 50S ribosomal protein L33
chr	NC_007899.1	567964	569346	+	-	-	CF_RS02435	WP_011458034.1	460	30S ribosomal protein S12 methylthiotransferase RimO
chr	NC_007899.1	569374	570192	-	-	-	CF_RS02440	WP_011458035.1	272	hypothetical protein
chr	NC_007899.1	570198	571055	-	-	-	CF_RS02445	WP_011458036.1	285	hypothetical protein
chr	NC_007899.1	571058	571885	-	-	-	CF_RS02450	WP_011458037.1	275	hypothetical protein
chr	NC_007899.1	572236	572721	-	-	-	CF_RS02465	WP_011458038.1	161	preprotein translocase secA subunit
chr	NC_007899.1	572849	573592	+	-	-	CF_RS02470	WP_011458039.1	247	tRNA 2-thiocytidine biosynthesis protein TtcA
chr	NC_007899.1	573699	574523	+	-	-	CF_RS02475	WP_011458040.1	274	5\'-nucleotidase SurE
chr	NC_007899.1	575266	576159	+	-	-	CF_RS02490	WP_011458041.1	297	YitT family protein
chr	NC_007899.1	576156	576734	-	-	-	CF_RS02495	WP_011458042.1	192	UbiX family flavin prenyltransferase
chr	NC_007899.1	576751	577641	-	-	-	CF_RS02500	WP_011458043.1	296	4-hydroxybenzoate octaprenyltransferase
chr	NC_007899.1	577832	578545	+	-	-	CF_RS02505	WP_011458044.1	237	cytochrome D ubiquinol oxidase subunit II
chr	NC_007899.1	578745	579884	+	-	-	CF_RS02510	WP_011458045.1	379	hypothetical protein
chr	NC_007899.1	580136	581221	+	-	-	CF_RS02515	WP_011458046.1	361	synaptonemal complex protein
chr	NC_007899.1	581238	582212	-	-	-	CF_RS02520	WP_011458047.1	324	peptidase M19
chr	NC_007899.1	582241	583092	-	-	-	CF_RS02525	WP_041468087.1	283	threonylcarbamoyl-AMP synthase
chr	NC_007899.1	584124	584996	-	-	-	CF_RS02535	WP_011458051.1	290	DNA polymerase III subunit delta\'
chr	NC_007899.1	584987	585610	-	-	-	CF_RS02540	WP_011458052.1	207	dTMP kinase
chr	NC_007899.1	585624	588116	-	-	-	CF_RS02545	WP_011458053.1	830	DNA topoisomerase (ATP-hydrolyzing) subunit A
chr	NC_007899.1	588132	590552	-	-	-	CF_RS02550	WP_011458054.1	806	DNA topoisomerase (ATP-hydrolyzing) subunit B
chr	NC_007899.1	590556	590906	-	-	-	CF_RS02555	WP_011458055.1	116	DUF721 domain-containing protein
chr	NC_007899.1	591096	591560	-	-	-	CF_RS05125	WP_011458056.1	154	hypothetical protein
chr	NC_007899.1	591831	592634	-	-	-	CF_RS02565	WP_011458057.1	267	methionine-binding protein
chr	NC_007899.1	592631	593296	-	-	-	CF_RS02570	WP_011458058.1	221	ABC transporter permease subunit
chr	NC_007899.1	593311	594333	-	-	-	CF_RS02575	WP_011458059.1	340	methionine ABC transporter ATP-binding protein
chr	NC_007899.1	594492	596378	-	-	-	CF_RS02580	WP_011458060.1	628	hypothetical protein
chr	NC_007899.1	596546	597595	+	-	-	CF_RS02585	WP_011458061.1	349	class I fructose-bisphosphate aldolase
chr	NC_007899.1	597614	599014	+	-	-	CF_RS02590	WP_011458062.1	466	amino acid permease
chr	NC_007899.1	599198	600610	-	-	-	CF_RS02595	WP_041468088.1	470	magnesium transporter
chr	NC_007899.1	600637	602769	-	-	-	CF_RS02600	WP_011458064.1	710	hypothetical protein
chr	NC_007899.1	603045	604205	-	-	-	CF_RS02605	WP_011458065.1	386	hypothetical protein
chr	NC_007899.1	604310	605536	+	-	-	CF_RS02610	WP_011458066.1	408	dicarboxylate/amino acid:cation symporter
chr	NC_007899.1	605536	607017	+	-	-	CF_RS02615	WP_011458067.1	493	sodium-dependent transporter
chr	NC_007899.1	607102	607698	+	-	-	CF_RS02620	WP_011458068.1	198	hypothetical protein
chr	NC_007899.1	607747	608298	+	-	-	CF_RS02625	WP_011458069.1	183	hypothetical protein
chr	NC_007899.1	608403	611180	+	-	-	CF_RS02630	WP_011458070.1	925	hypothetical protein
chr	NC_007899.1	611195	611614	+	-	-	CF_RS02635	WP_011458071.1	139	cyclic nucleotide-binding domain-containing protein
chr	NC_007899.1	611728	611964	-	-	-	CF_RS02640	WP_011458072.1	78	acyl carrier protein
chr	NC_007899.1	612055	612801	-	-	-	CF_RS02645	WP_011458073.1	248	3-oxoacyl-ACP reductase FabG
chr	NC_007899.1	612804	613730	-	-	-	CF_RS02650	WP_011458074.1	308	[acyl-carrier-protein] S-malonyltransferase [Chlamydia felis]
chr	NC_007899.1	613738	614739	-	-	-	CF_RS02655	WP_011458075.1	333	ketoacyl-ACP synthase III
chr	NC_007899.1	614869	615471	+	-	-	CF_RS02660	WP_011458076.1	200	recombination protein RecR
chr	NC_007899.1	615647	618025	+	-	-	CF_RS02665	WP_011458077.1	792	outer membrane protein assembly factor BamA
chr	NC_007899.1	618133	618672	+	-	-	CF_RS02670	WP_011458078.1	179	OmpH family outer membrane protein
chr	NC_007899.1	618700	619779	+	-	-	CF_RS02675	WP_011458079.1	359	UDP-3-O-(3-hydroxymyristoyl)glucosamine N-acyltransferase
chr	NC_007899.1	619785	620816	-	-	-	CF_RS02680	WP_011458080.1	343	hypothetical protein
chr	NC_007899.1	620984	622009	+	-	-	CF_RS02685	WP_011458081.1	341	pyruvate dehydrogenase (acetyl-transferring) E1 component subunit alpha
chr	NC_007899.1	622002	622988	+	-	-	CF_RS02690	WP_011458082.1	328	alpha-ketoacid dehydrogenase subunit beta
chr	NC_007899.1	622993	624279	+	-	-	CF_RS02695	WP_011458083.1	428	pyruvate dehydrogenase complex dihydrolipoamide acetyltransferase
chr	NC_007899.1	624359	626809	-	-	-	CF_RS02700	WP_011458084.1	816	glycogen/starch/alpha-glucan phosphorylase
chr	NC_007899.1	627073	627420	+	-	-	CF_RS02705	WP_011458085.1	115	hypothetical protein
chr	NC_007899.1	627434	628816	-	-	-	CF_RS02710	WP_011458086.1	460	chromosomal replication initiator protein DnaA
chr	NC_007899.1	628883	631267	-	-	-	CF_RS02715	WP_011458087.1	794	membrane protein insertase YidC
chr	NC_007899.1	631362	632252	-	-	-	CF_RS02720	WP_011458088.1	296	prolipoprotein diacylglyceryl transferase
chr	NC_007899.1	632322	632768	+	-	-	CF_RS02725	WP_011458089.1	148	hypothetical protein
chr	NC_007899.1	632784	633152	+	-	-	CF_RS02730	WP_011458090.1	122	holo-ACP synthase
chr	NC_007899.1	633144	634079	-	-	-	CF_RS02735	WP_011458091.1	311	thioredoxin-disulfide reductase
chr	NC_007899.1	634247	635992	+	-	-	CF_RS02740	WP_011458092.1	581	30S ribosomal protein S1
chr	NC_007899.1	636085	637389	+	-	-	CF_RS02745	WP_011458093.1	434	transcription termination/antitermination protein NusA
chr	NC_007899.1	637346	639991	+	-	-	CF_RS02750	WP_011458094.1	881	translation initiation factor IF-2
chr	NC_007899.1	639998	640360	+	-	-	CF_RS02755	WP_011458095.1	120	30S ribosome-binding factor RbfA
chr	NC_007899.1	640400	641107	+	-	-	CF_RS02760	WP_011458096.1	235	tRNA pseudouridine(55) synthase TruB
chr	NC_007899.1	641091	642005	+	-	-	CF_RS02765	WP_011458097.1	304	bifunctional riboflavin kinase/FAD synthetase
chr	NC_007899.1	641983	643077	-	-	-	CF_RS02770	WP_011458098.1	364	redox-regulated ATPase YchF
chr	NC_007899.1	643443	644525	+	-	-	CF_RS02775	WP_011458099.1	360	EscU/YscU/HrcU family type III secretion system export apparatus switch protein
chr	NC_007899.1	644525	646654	+	-	-	CF_RS02780	WP_011458100.1	709	EscV/YscV/HrcV family type III secretion system export apparatus protein
chr	NC_007899.1	646682	647878	+	-	-	CF_RS02785	WP_011458101.1	398	YopN family type III secretion system gatekeeper subunit
chr	NC_007899.1	647894	648334	+	-	-	CF_RS02790	WP_011458102.1	146	type III secretion protein
chr	NC_007899.1	648389	649981	+	-	-	CF_RS02795	WP_011458103.1	530	4-alpha-glucanotransferase
chr	NC_007899.1	650157	650426	+	-	-	CF_RS02800	WP_011458104.1	89	50S ribosomal protein L28
chr	NC_007899.1	650452	652188	+	-	-	CF_RS02805	WP_011458105.1	578	menaquinone biosynthesis decarboxylase
chr	NC_007899.1	652295	653350	+	-	-	CF_RS02810	WP_011458106.1	351	phospholipase
chr	NC_007899.1	653347	653832	-	-	-	CF_RS02815	WP_011458107.1	161	hypothetical protein
chr	NC_007899.1	653843	655588	-	-	-	CF_RS02820	WP_011458108.1	581	hypothetical protein
chr	NC_007899.1	655957	656247	-	-	-	CF_RS02825	WP_011458109.1	96	hypothetical protein
chr	NC_007899.1	656454	656969	+	-	-	CF_RS02830	WP_041468090.1	171	membrane protein
chr	NC_007899.1	656960	657823	+	-	-	CF_RS02835	WP_011458111.1	287	bifunctional 5,10-methylene-tetrahydrofolate dehydrogenase/5,10-methylene-tetrahydrofolate cyclohydrolase
chr	NC_007899.1	657793	658737	+	-	-	CF_RS02840	WP_011458112.1	314	FAD:protein FMN transferase
chr	NC_007899.1	658718	659170	-	-	-	CF_RS02845	WP_011458113.1	150	SsrA-binding protein SmpB
chr	NC_007899.1	659413	660513	+	-	-	CF_RS02850	WP_011458114.1	366	DNA polymerase III subunit beta
chr	NC_007899.1	660513	661616	+	-	-	CF_RS02855	WP_011458115.1	367	DNA replication/repair protein RecF
chr	NC_007899.1	661727	662656	+	-	-	CF_RS02860	WP_011458116.1	309	alpha/beta hydrolase
chr	NC_007899.1	662658	664520	-	-	-	CF_RS02865	WP_011458117.1	620	zinc metalloprotease
chr	NC_007899.1	664533	665672	-	-	-	CF_RS02870	WP_011458118.1	379	1-deoxy-D-xylulose-5-phosphate reductoisomerase
chr	NC_007899.1	665713	666696	-	-	-	CF_RS02875	WP_011458119.1	327	metal ABC transporter permease
chr	NC_007899.1	666693	668042	-	-	-	CF_RS02880	WP_011458120.1	449	iron ABC transporter
chr	NC_007899.1	668043	668822	-	-	-	CF_RS02885	WP_011458121.1	259	metal ABC transporter ATP-binding protein
chr	NC_007899.1	668815	669780	-	-	-	CF_RS02890	WP_011458122.1	321	hypothetical protein
chr	NC_007899.1	670281	670784	+	-	-	CF_RS02895	WP_011458124.1	167	hypothetical protein
chr	NC_007899.1	671002	672594	+	-	-	CF_RS02900	WP_011458125.1	530	NTP/NDP exchange transporter Npt1
chr	NC_007899.1	672674	673993	-	-	-	CF_RS02905	WP_011458126.1	439	DUF1389 domain-containing protein
chr	NC_007899.1	674222	676030	+	-	-	CF_RS02910	WP_011458127.1	602	elongation factor 4
chr	NC_007899.1	676217	677662	-	-	-	CF_RS02915	WP_011458128.1	481	decarboxylating NADP(+)-dependent phosphogluconate dehydrogenase
chr	NC_007899.1	677679	678917	-	-	-	CF_RS02920	WP_041468091.1	412	tyrosine--tRNA ligase
chr	NC_007899.1	679080	679358	+	-	-	CF_RS02925	WP_041467974.1	92	hypothetical protein
chr	NC_007899.1	679344	680117	-	-	-	CF_RS02930	WP_011458131.1	257	FliA/WhiG family RNA polymerase sigma factor
chr	NC_007899.1	680221	681978	-	-	-	CF_RS02935	WP_041467976.1	585	type III secretion system protein
chr	NC_007899.1	682258	682533	+	-	-	CF_RS02945	WP_011458133.1	91	(2Fe-2S)-binding protein
chr	NC_007899.1	682764	682967	+	-	-	CF_RS05130	WP_050711610.1	67	hypothetical protein
chr	NC_007899.1	682967	683968	+	-	-	CF_RS02950	WP_011458134.1	333	macro domain-containing protein
chr	NC_007899.1	684314	685501	+	-	-	CF_RS02955	WP_041467978.1	395	hypothetical protein
chr	NC_007899.1	685815	687635	+	-	-	CF_RS02960	WP_011458136.1	606	4-hydroxy-3-methylbut-2-en-1-yl diphosphate synthase
chr	NC_007899.1	687648	688391	+	-	-	CF_RS02965	WP_011458137.1	247	peptidoglycan editing factor PgeF
chr	NC_007899.1	688394	689491	-	-	-	CF_RS02970	WP_011458138.1	365	dihydrolipoyllysine-residue succinyltransferase
chr	NC_007899.1	689488	692214	-	-	-	CF_RS02975	WP_011458139.1	908	2-oxoglutarate dehydrogenase E1 component
chr	NC_007899.1	692368	692814	+	-	-	CF_RS02980	WP_011458140.1	148	hypothetical protein
chr	NC_007899.1	692804	693925	+	-	-	CF_RS02985	WP_041467979.1	373	radical SAM family heme chaperone HemW
chr	NC_007899.1	693985	695472	+	-	-	CF_RS02990	WP_011458142.1	495	hypothetical protein
chr	NC_007899.1	695520	696809	-	-	-	CF_RS02995	WP_011458143.1	429	hypothetical protein
chr	NC_007899.1	697175	697441	+	-	-	CF_RS05200	WP_083755027.1	88	hypothetical protein
chr	NC_007899.1	697500	698210	-	-	-	CF_RS03005	WP_011458145.1	236	SAM-dependent methyltransferase
chr	NC_007899.1	698207	699145	-	-	-	CF_RS03010	WP_011458146.1	312	hypothetical protein
chr	NC_007899.1	699304	699921	-	-	-	CF_RS03015	WP_011458147.1	205	histone
chr	NC_007899.1	700063	701565	-	-	-	CF_RS03020	WP_011458149.1	500	leucyl aminopeptidase
chr	NC_007899.1	701604	702080	-	-	-	CF_RS03025	WP_011458150.1	158	single-stranded DNA-binding protein
chr	NC_007899.1	702768	703271	-	-	-	CF_RS03030	WP_011458151.1	167	type III secretion chaperone Slc1
chr	NC_007899.1	703404	705392	+	-	-	CF_RS03035	WP_011458152.1	662	glycogen-debranching protein
chr	NC_007899.1	705385	706200	-	-	-	CF_RS03040	WP_041467983.1	271	hypothetical protein
chr	NC_007899.1	706197	707210	-	-	-	CF_RS03045	WP_011458154.1	337	Holliday junction branch migration DNA helicase RuvB
chr	NC_007899.1	707811	708383	+	-	-	CF_RS03050	WP_011458155.1	190	dCTP deaminase
chr	NC_007899.1	708393	708722	+	-	-	CF_RS03055	WP_011458156.1	109	hypothetical protein
chr	NC_007899.1	708732	709967	+	-	-	CF_RS03060	WP_011458157.1	411	HlyC/CorC family transporter
chr	NC_007899.1	709960	711174	+	-	-	CF_RS03065	WP_011458158.1	404	HlyC/CorC family transporter
chr	NC_007899.1	711178	712293	-	-	-	CF_RS03070	WP_011458159.1	371	cysteine desulfurase
chr	NC_007899.1	712317	713066	-	-	-	CF_RS03075	WP_011458160.1	249	serine/threonine-protein phosphatase
chr	NC_007899.1	713359	714492	+	-	-	CF_RS03080	WP_011458161.1	377	hypothetical protein
chr	NC_007899.1	714570	714932	+	-	-	CF_RS03085	WP_011458162.1	120	hypothetical protein
chr	NC_007899.1	715221	715733	+	-	-	CF_RS03090	WP_011458163.1	170	hypothetical protein
chr	NC_007899.1	716263	716907	+	-	-	CF_RS03100	WP_041467986.1	214	hypothetical protein
chr	NC_007899.1	716911	717687	+	-	-	CF_RS03105	WP_011458166.1	258	CPBP family intramembrane metalloprotease
chr	NC_007899.1	717874	718260	-	-	-	CF_RS03110	WP_011458167.1	128	nucleotide pyrophosphohydrolase
chr	NC_007899.1	718265	719374	-	-	-	CF_RS03115	WP_011458168.1	369	A/G-specific adenine glycosylase
chr	NC_007899.1	719421	720245	+	-	-	CF_RS03120	WP_011458169.1	274	RluA family pseudouridine synthase
chr	NC_007899.1	720242	722692	-	-	-	CF_RS05135	WP_011458170.1	816	hypothetical protein
chr	NC_007899.1	722970	725183	-	-	-	CF_RS03130	WP_011458171.1	737	hypothetical protein
chr	NC_007899.1	725452	726351	+	-	-	CF_RS03135	WP_011458172.1	299	enoyl
chr	NC_007899.1	726338	727225	-	-	-	CF_RS03140	WP_011458173.1	295	HAD family phosphatase
chr	NC_007899.1	727599	728105	+	-	-	CF_RS03145	WP_011458174.1	168	membrane protein
chr	NC_007899.1	728137	728610	+	-	-	CF_RS03150	WP_011458175.1	157	hypothetical protein
chr	NC_007899.1	728621	729307	+	-	-	CF_RS03155	WP_011458176.1	228	DNA polymerase III subunit epsilon
chr	NC_007899.1	729304	730077	+	-	-	CF_RS03160	WP_011458177.1	257	hypothetical protein
chr	NC_007899.1	730058	730720	+	-	-	CF_RS03165	WP_011458178.1	220	hypothetical protein
chr	NC_007899.1	730724	732691	-	-	-	CF_RS03170	WP_011458179.1	655	ABC transporter ATP-binding protein
chr	NC_007899.1	732657	733631	-	-	-	CF_RS03175	WP_011458180.1	324	acetyl-CoA carboxylase carboxyltransferase subunit alpha
chr	NC_007899.1	733738	734916	-	-	-	CF_RS03180	WP_011458181.1	392	hypothetical protein
chr	NC_007899.1	735045	735347	-	-	-	CF_RS03185	WP_006344016.1	100	MULTISPECIES: HU family DNA-binding protein
chr	NC_007899.1	735749	736468	-	-	-	CF_RS03195	WP_011458182.1	239	N-acetylmuramoyl-L-alanine amidase
chr	NC_007899.1	736461	737918	-	-	-	CF_RS03200	WP_011458183.1	485	UDP-N-acetylmuramoyl-L-alanyl-D-glutamate--2,6-diaminopimelate ligase
chr	NC_007899.1	738363	740312	-	-	-	CF_RS03205	WP_011458185.1	649	penicillin-binding protein 2
chr	NC_007899.1	740299	740586	-	-	-	CF_RS03210	WP_011458186.1	95	hypothetical protein
chr	NC_007899.1	740583	741479	-	-	-	CF_RS03215	WP_011458187.1	298	16S rRNA (cytosine(1402)-N(4))-methyltransferase RsmH
chr	NC_007899.1	741652	742203	+	-	-	CF_RS03220	WP_011458188.1	183	hypothetical protein
chr	NC_007899.1	742207	742638	+	-	-	CF_RS03225	WP_011458189.1	143	type III secretion chaperone
chr	NC_007899.1	742836	744188	+	-	-	CF_RS03230	WP_011458190.1	450	chromosomal replication initiator protein DnaA
chr	NC_007899.1	744205	744792	+	-	-	CF_RS03235	WP_011458191.1	195	polymer-forming cytoskeletal family protein
chr	NC_007899.1	744761	745354	-	-	-	CF_RS03240	WP_011458192.1	197	hypothetical protein
chr	NC_007899.1	745435	746946	+	-	-	CF_RS03245	WP_011458193.1	503	Na(+)-transporting NADH-quinone reductase subunit B
chr	NC_007899.1	746950	747909	+	-	-	CF_RS03250	WP_011458194.1	319	Na(+)-translocating NADH-quinone reductase subunit C
chr	NC_007899.1	747896	748537	+	-	-	CF_RS03255	WP_011458195.1	213	NADH:ubiquinone reductase (Na(+)-transporting) subunit D
chr	NC_007899.1	748542	749333	+	-	-	CF_RS03260	WP_011458196.1	263	NADH:ubiquinone reductase (Na(+)-transporting) subunit E
chr	NC_007899.1	749338	749661	-	-	-	CF_RS03265	WP_041468093.1	107	membrane protein
chr	NC_007899.1	749683	749979	-	-	-	CF_RS03270	WP_011458198.1	98	hypothetical protein
chr	NC_007899.1	750105	750446	-	-	-	CF_RS03275	WP_011458199.1	113	glycine cleavage protein H-like protein
chr	NC_007899.1	750446	752521	-	-	-	CF_RS03280	WP_083755028.1	691	hypothetical protein
chr	NC_007899.1	752647	754068	-	-	-	CF_RS03285	WP_011458201.1	473	phosphatidylserine/phosphatidylglycerophosphate/cardiolipin synthase family protein
chr	NC_007899.1	754065	754733	-	-	-	CF_RS03290	WP_083755030.1	222	biotin--protein ligase
chr	NC_007899.1	754972	757512	+	-	-	CF_RS03295	WP_011458203.1	846	ATP-dependent Clp protease ATP-binding subunit
chr	NC_007899.1	757490	758575	-	-	-	CF_RS03300	WP_011458204.1	361	tRNA 2-thiouridine(34) synthase MnmA
chr	NC_007899.1	758896	760614	-	-	-	CF_RS03305	WP_011458205.1	572	membrane protein
chr	NC_007899.1	760787	762268	-	-	-	CF_RS03310	WP_011458207.1	493	hypothetical protein
chr	NC_007899.1	762367	763047	-	-	-	CF_RS03315	WP_011458208.1	226	helix-turn-helix domain-containing protein
chr	NC_007899.1	763053	763529	-	-	-	CF_RS03320	WP_011458209.1	158	PTS sugar transporter subunit IIA
chr	NC_007899.1	763531	763974	-	-	-	CF_RS03325	WP_011458210.1	147	dUTP diphosphatase
chr	NC_007899.1	764017	764943	-	-	-	CF_RS03330	WP_011458211.1	308	acetyl-CoA carboxylase carboxyltransferase subunit beta
chr	NC_007899.1	765019	765636	-	-	-	CF_RS03335	WP_011458212.1	205	superoxide dismutase
chr	NC_007899.1	765815	767617	-	-	-	CF_RS03340	WP_011458213.1	600	phospho-sugar mutase
chr	NC_007899.1	767717	768181	-	-	-	CF_RS03345	WP_011458214.1	154	DUF5070 domain-containing protein
chr	NC_007899.1	768301	769014	+	-	-	CF_RS03350	WP_011458215.1	237	ribonuclease III
chr	NC_007899.1	768980	770341	+	-	-	CF_RS03355	WP_011458216.1	453	DNA repair protein RadA
chr	NC_007899.1	770319	771050	+	-	-	CF_RS03360	WP_011458217.1	243	hydroxymethylbilane synthase
chr	NC_007899.1	772541	772987	+	-	-	CF_RS03370	WP_011458220.1	148	hypothetical protein
chr	NC_007899.1	773009	775105	-	-	-	CF_RS03375	WP_041467990.1	698	HDIG domain-containing protein
chr	NC_007899.1	775596	776933	+	-	-	CF_RS03380	WP_011458222.1	445	DNA polymerase III subunit gamma/tau
chr	NC_007899.1	776938	777228	+	-	-	CF_RS03385	WP_011458223.1	96	YbaB/EbfC family nucleoid-associated protein
chr	NC_007899.1	777225	778928	-	-	-	CF_RS03390	WP_011458224.1	567	phosphoenolpyruvate--protein phosphotransferase
chr	NC_007899.1	778929	779270	-	-	-	CF_RS03395	WP_041468095.1	113	HPr family phosphocarrier protein
chr	NC_007899.1	779263	780054	-	-	-	CF_RS03400	WP_011458226.1	263	hypothetical protein
chr	NC_007899.1	780027	781490	+	-	-	CF_RS03405	WP_011458227.1	487	ComEC/Rec2 family competence protein
chr	NC_007899.1	781581	782738	+	-	-	CF_RS03410	WP_011458228.1	385	hypothetical protein
chr	NC_007899.1	782903	783940	+	-	-	CF_RS03415	WP_011458229.1	345	membrane protein
chr	NC_007899.1	783941	785977	-	-	-	CF_RS03420	WP_011458230.1	678	MFS transporter
chr	NC_007899.1	786013	787188	-	-	-	CF_RS03425	WP_011458231.1	391	molecular chaperone DnaJ
chr	NC_007899.1	787218	787394	-	-	-	CF_RS03430	WP_006343002.1	58	MULTISPECIES: 30S ribosomal protein S21
chr	NC_007899.1	787593	788234	-	-	-	CF_RS03435	WP_011458232.1	213	tRNA threonylcarbamoyladenosine biosynthesis protein TsaB
chr	NC_007899.1	788333	788599	+	-	-	CF_RS03440	WP_011458233.1	88	hypothetical protein
chr	NC_007899.1	788889	791345	+	-	-	CF_RS03445	WP_011458234.1	818	endopeptidase La
chr	NC_007899.1	791487	792131	+	-	-	CF_RS03450	WP_011458235.1	214	hypothetical protein
chr	NC_007899.1	792262	793182	+	-	-	CF_RS03455	WP_011458236.1	306	ribonuclease Z
chr	NC_007899.1	793225	794163	+	-	-	CF_RS03460	WP_011458237.1	312	tyrosine recombinase XerC
chr	NC_007899.1	794216	795805	+	-	-	CF_RS03465	WP_041468098.1	529	ABC transporter ATP-binding protein
chr	NC_007899.1	795850	796440	+	-	-	CF_RS03470	WP_011458239.1	196	septum formation protein Maf
chr	NC_007899.1	796422	798128	+	-	-	CF_RS03475	WP_011458240.1	568	HEAT repeat domain-containing protein
chr	NC_007899.1	798139	800235	+	-	-	CF_RS03480	WP_011458241.1	698	hypothetical protein
chr	NC_007899.1	800301	800861	-	-	-	CF_RS03485	WP_011458242.1	186	peptide deformylase
chr	NC_007899.1	801111	801425	-	-	-	CF_RS03490	WP_011458243.1	104	preprotein translocase subunit SecG
chr	NC_007899.1	801715	802479	-	-	-	CF_RS03495	WP_011458245.1	254	triose-phosphate isomerase
chr	NC_007899.1	802616	804283	+	-	-	CF_RS03500	WP_011458246.1	555	exodeoxyribonuclease VII large subunit
chr	NC_007899.1	804287	804514	+	-	-	CF_RS03505	WP_011458247.1	75	exodeoxyribonuclease VII small subunit
chr	NC_007899.1	804529	804783	+	-	-	CF_RS03510	WP_011458248.1	84	hypothetical protein
chr	NC_007899.1	804780	806714	+	-	-	CF_RS03515	WP_011458249.1	644	1-deoxy-D-xylulose-5-phosphate synthase
chr	NC_007899.1	807155	807991	-	-	-	CF_RS03520	WP_041468099.1	278	16S rRNA (adenine(1518)-N(6)/adenine(1519)-N(6))-dimethyltransferase RsmA
chr	NC_007899.1	808000	809082	-	-	-	CF_RS03525	WP_011458251.1	360	hypothetical protein
chr	NC_007899.1	809194	811296	-	-	-	CF_RS03530	WP_011458252.1	700	thioredoxin domain-containing protein
chr	NC_007899.1	811798	812616	-	-	-	CF_RS03540	WP_011458253.1	272	DUF2608 domain-containing protein
chr	NC_007899.1	812793	813650	-	-	-	CF_RS03545	WP_011458254.1	285	DUF2608 domain-containing protein
chr	NC_007899.1	814081	815691	+	-	-	CF_RS03550	WP_011458255.1	536	hypothetical protein
chr	NC_007899.1	816016	817359	+	-	-	CF_RS03555	WP_011458256.1	447	hypothetical protein
chr	NC_007899.1	817644	818918	+	-	-	CF_RS03560	WP_011458257.1	424	hypothetical protein
chr	NC_007899.1	818996	819427	-	-	-	CF_RS03565	WP_011458258.1	143	helix-turn-helix domain-containing protein
chr	NC_007899.1	819694	820596	+	-	-	CF_RS03570	WP_011458259.1	300	ribonuclease HIII
chr	NC_007899.1	820821	821771	+	-	-	CF_RS03575	WP_011458260.1	316	hypothetical protein
chr	NC_007899.1	821899	822342	+	-	-	CF_RS03580	WP_011458261.1	147	hypothetical protein
chr	NC_007899.1	822694	823845	+	-	-	CF_RS03585	WP_011458263.1	383	membrane protein
chr	NC_007899.1	823968	825431	-	-	-	CF_RS03590	WP_011458264.1	487	Asp-tRNA(Asn)/Glu-tRNA(Gln) amidotransferase subunit GatB
chr	NC_007899.1	825431	826906	-	-	-	CF_RS03595	WP_011458265.1	491	Asp-tRNA(Asn)/Glu-tRNA(Gln) amidotransferase subunit GatA
chr	NC_007899.1	826928	827233	-	-	-	CF_RS03600	WP_011458266.1	101	Asp-tRNA(Asn)/Glu-tRNA(Gln) amidotransferase subunit GatC
chr	NC_007899.1	827433	827708	+	-	-	CF_RS03605	WP_011458267.1	91	DUF378 domain-containing protein
chr	NC_007899.1	832123	834903	+	-	-	CF_RS03620	WP_011458271.1	926	autotransporter domain-containing protein
chr	NC_007899.1	835022	837622	+	-	-	CF_RS03625	WP_011458272.1	866	autotransporter domain-containing protein
chr	NC_007899.1	840669	843500	+	-	-	CF_RS03635	WP_011458275.1	943	autotransporter domain-containing protein
chr	NC_007899.1	843623	846175	+	-	-	CF_RS03640	WP_011458276.1	850	autotransporter domain-containing protein
chr	NC_007899.1	846328	848859	+	-	-	CF_RS03645	WP_011458277.1	843	membrane protein
chr	NC_007899.1	848991	851714	+	-	-	CF_RS03650	WP_011458278.1	907	membrane protein
chr	NC_007899.1	851929	854532	+	-	-	CF_RS03655	WP_011458279.1	867	autotransporter domain-containing protein
chr	NC_007899.1	854768	857734	+	-	-	CF_RS03660	WP_011458280.1	988	autotransporter domain-containing protein
chr	NC_007899.1	857760	860714	+	-	-	CF_RS03665	WP_011458281.1	984	autotransporter domain-containing protein
chr	NC_007899.1	861182	862252	+	-	-	CF_RS03670	WP_011458282.1	356	autotransporter outer membrane beta-barrel domain-containing protein
chr	NC_007899.1	862471	864459	+	-	-	CF_RS03675	WP_011458283.1	662	Pmp family polymorphic membrane protein autotransporter adhesin
chr	NC_007899.1	864363	865256	+	-	-	CF_RS05205	WP_011458284.1	297	autotransporter outer membrane beta-barrel domain-containing protein
chr	NC_007899.1	865284	868109	+	-	-	CF_RS03685	WP_011458285.1	941	autotransporter domain-containing protein
chr	NC_007899.1	868276	871149	+	-	-	CF_RS03690	WP_041467996.1	957	autotransporter domain-containing protein
chr	NC_007899.1	871171	874020	+	-	-	CF_RS03695	WP_011458287.1	949	autotransporter domain-containing protein
chr	NC_007899.1	874066	876276	-	-	-	CF_RS03700	WP_011458288.1	736	hypothetical protein
chr	NC_007899.1	876485	878260	-	-	-	CF_RS03705	WP_011458289.1	591	hypothetical protein
chr	NC_007899.1	878397	880562	-	-	-	CF_RS03710	WP_011458290.1	721	1,4-alpha-glucan branching protein GlgB
chr	NC_007899.1	880575	881573	-	-	-	CF_RS03715	WP_011458291.1	332	hypothetical protein
chr	NC_007899.1	881570	882835	-	-	-	CF_RS03720	WP_011458292.1	421	tRNA (N(6)-L-threonylcarbamoyladenosine(37)-C(2))-methylthiotransferase MtaB
chr	NC_007899.1	882955	884313	-	-	-	CF_RS03725	WP_011458293.1	452	GTPase HflX
chr	NC_007899.1	884323	885138	-	-	-	CF_RS03730	WP_011458294.1	271	MBL fold metallo-hydrolase
chr	NC_007899.1	885190	885894	-	-	-	CF_RS03735	WP_011458295.1	234	hypothetical protein
chr	NC_007899.1	886125	886889	-	-	-	CF_RS03740	WP_011458296.1	254	ABC transporter substrate-binding protein
chr	NC_007899.1	887023	890160	+	-	-	CF_RS03745	WP_011458297.1	1045	membrane protein
chr	NC_007899.1	890181	891041	+	-	-	CF_RS03750	WP_011458298.1	286	3-deoxy-7-phosphoheptulonate synthase
chr	NC_007899.1	891274	891468	+	-	-	CF_RS03755	WP_011458299.1	64	hypothetical protein
chr	NC_007899.1	891646	892983	-	-	-	CF_RS03760	WP_041467999.1	445	sodium:solute symporter family protein
chr	NC_007899.1	892985	893200	+	-	-	CF_RS03765	WP_041468001.1	71	hypothetical protein
chr	NC_007899.1	893331	893594	+	-	-	CF_RS03770	WP_011458301.1	87	hypothetical protein
chr	NC_007899.1	893583	895199	-	-	-	CF_RS03775	WP_041468103.1	538	HEAT repeat domain-containing protein
chr	NC_007899.1	895244	895579	-	-	-	CF_RS03780	WP_011458303.1	111	histidine triad nucleotide-binding protein
chr	NC_007899.1	895576	896445	-	-	-	CF_RS03785	WP_041468104.1	289	hypothetical protein
chr	NC_007899.1	896592	898676	+	-	-	CF_RS03790	WP_011458305.1	694	LOG family protein
chr	NC_007899.1	898677	899912	-	-	-	CF_RS03795	WP_011458306.1	411	DUF1207 domain-containing protein
chr	NC_007899.1	900581	901777	+	-	-	CF_RS03800	WP_011458307.1	398	LL-diaminopimelate aminotransferase
chr	NC_007899.1	901774	902817	+	-	-	CF_RS03805	WP_011458308.1	347	ABC transporter substrate-binding protein
chr	NC_007899.1	902814	903092	-	-	-	CF_RS03810	WP_041468005.1	92	hypothetical protein
chr	NC_007899.1	903096	904037	-	-	-	CF_RS03815	WP_011458310.1	313	hypothetical protein
chr	NC_007899.1	904148	905356	-	-	-	CF_RS03820	WP_011458311.1	402	hypothetical protein
chr	NC_007899.1	905619	907352	+	-	-	CF_RS03825	WP_011458312.1	577	proline--tRNA ligase
chr	NC_007899.1	907461	908621	+	-	-	CF_RS03830	WP_011458313.1	386	heat-inducible transcriptional repressor HrcA
chr	NC_007899.1	908618	909181	+	-	-	CF_RS03835	WP_011458314.1	187	nucleotide exchange factor GrpE
chr	NC_007899.1	909209	911203	+	-	-	CF_RS03840	WP_011458315.1	664	molecular chaperone DnaK
chr	NC_007899.1	911361	913391	+	-	-	CF_RS03845	WP_011458316.1	676	VacB/RNase II family 3\'-5\' exoribonuclease
chr	NC_007899.1	913391	913975	+	-	-	CF_RS03850	WP_011458317.1	194	DNA-3-methyladenine glycosylase
chr	NC_007899.1	914133	914792	+	-	-	CF_RS03855	WP_011458318.1	219	DUF502 domain-containing protein
chr	NC_007899.1	915095	915256	+	-	-	CF_RS05210	WP_011458320.1	53	small basic protein
chr	NC_007899.1	915277	915753	+	-	-	CF_RS03860	WP_011458321.1	158	rRNA maturation RNase YbeY
chr	NC_007899.1	915755	916873	+	-	-	CF_RS03865	WP_041468105.1	372	HlyC/CorC family transporter
chr	NC_007899.1	916989	917339	+	-	-	CF_RS03870	WP_011458323.1	116	STAS domain-containing protein
chr	NC_007899.1	917400	919262	+	-	-	CF_RS03875	WP_011458324.1	620	DUF3604 domain-containing protein
chr	NC_007899.1	919296	919517	+	-	-	CF_RS05215	WP_011458325.1	73	hypothetical protein
chr	NC_007899.1	919483	920598	+	-	-	CF_RS03880	WP_011458326.1	371	CofH family radical SAM protein
chr	NC_007899.1	920571	921353	+	-	-	CF_RS03885	WP_011458327.1	260	hypothetical protein
chr	NC_007899.1	921328	922020	+	-	-	CF_RS03890	WP_011458328.1	230	demethylmenaquinone methyltransferase
chr	NC_007899.1	922024	923013	-	-	-	CF_RS03895	WP_011458329.1	329	UPF0158 family protein
chr	NC_007899.1	923155	923946	-	-	-	CF_RS03900	WP_041468008.1	263	diaminopimelate epimerase
chr	NC_007899.1	923915	924493	-	-	-	CF_RS03905	WP_041468010.1	192	ATP-dependent Clp protease proteolytic subunit
chr	NC_007899.1	924513	926006	-	-	-	CF_RS03910	WP_011458332.1	497	serine hydroxymethyltransferase
chr	NC_007899.1	926337	926981	+	-	-	CF_RS03915	WP_011458333.1	214	uroporphyrinogen-III synthase
chr	NC_007899.1	927003	927404	+	-	-	CF_RS03920	WP_011458334.1	133	hypothetical protein
chr	NC_007899.1	927482	928579	+	-	-	CF_RS03925	WP_011458335.1	365	membrane protein
chr	NC_007899.1	928814	928996	-	-	-	CF_RS03930	WP_011458336.1	60	hypothetical protein
chr	NC_007899.1	929061	929825	+	-	-	CF_RS03935	WP_011458337.1	254	hypothetical protein
chr	NC_007899.1	930229	931218	-	-	-	CF_RS03940	WP_011458338.1	329	KpsF/GutQ family sugar-phosphate isomerase
chr	NC_007899.1	931251	932420	-	-	-	CF_RS03945	WP_011458339.1	389	2-oxo acid dehydrogenase subunit E2
chr	NC_007899.1	932434	933681	-	-	-	CF_RS03950	WP_011458340.1	415	dicarboxylate/amino acid:cation symporter
chr	NC_007899.1	933685	934788	-	-	-	CF_RS03955	WP_041468013.1	367	tetraacyldisaccharide 4\'-kinase
chr	NC_007899.1	935042	935839	-	-	-	CF_RS03960	WP_011458342.1	265	RNA methyltransferase
chr	NC_007899.1	935827	936651	-	-	-	CF_RS03965	WP_011458343.1	274	class I SAM-dependent rRNA methyltransferase
chr	NC_007899.1	936653	937258	-	-	-	CF_RS03970	WP_011458344.1	201	riboflavin synthase
chr	NC_007899.1	937477	937935	+	-	-	CF_RS03975	WP_006342890.1	152	MULTISPECIES: transcriptional regulator NrdR
chr	NC_007899.1	937964	938338	+	-	-	CF_RS03980	WP_011458345.1	124	RNA polymerase-binding transcription factor
chr	NC_007899.1	938344	938841	+	-	-	CF_RS03985	WP_011458346.1	165	lipoprotein signal peptidase
chr	NC_007899.1	938906	940261	+	-	-	CF_RS03990	WP_011458347.1	451	amino acid carrier protein
chr	NC_007899.1	940454	940807	+	-	-	CF_RS03995	WP_011458348.1	117	hypothetical protein
chr	NC_007899.1	940831	941133	+	-	-	CF_RS04000	WP_011458349.1	100	YtxH domain-containing protein
chr	NC_007899.1	941361	944174	+	-	-	CF_RS04005	WP_011458350.1	937	autotransporter domain-containing protein
chr	NC_007899.1	944373	949994	+	-	-	CF_RS04010	WP_011458351.1	1873	autotransporter domain-containing protein
chr	NC_007899.1	950118	950906	-	-	-	CF_RS04015	WP_011458352.1	262	hydroxyethylthiazole kinase
chr	NC_007899.1	950900	951538	-	-	-	CF_RS04020	WP_041468107.1	212	thiamine phosphate synthase
chr	NC_007899.1	952122	952955	+	-	-	CF_RS04030	WP_011458354.1	277	metal ABC transporter substrate-binding protein
chr	NC_007899.1	952952	953671	+	-	-	CF_RS04035	WP_011458355.1	239	metal ABC transporter ATP-binding protein
chr	NC_007899.1	953668	954561	+	-	-	CF_RS04040	WP_011458356.1	297	metal ABC transporter permease
chr	NC_007899.1	954459	955466	-	-	-	CF_RS04045	WP_011458357.1	335	GTPase ObgE
chr	NC_007899.1	955584	955832	-	-	-	CF_RS04050	WP_011458358.1	82	50S ribosomal protein L27
chr	NC_007899.1	955863	956183	-	-	-	CF_RS04055	WP_011458359.1	106	50S ribosomal protein L21
chr	NC_007899.1	956485	956937	-	-	-	CF_RS04065	WP_011458360.1	150	hypothetical protein
chr	NC_007899.1	957245	957775	+	-	-	CF_RS04070	WP_011458361.1	176	2-C-methyl-D-erythritol 2,4-cyclodiphosphate synthase
chr	NC_007899.1	957772	958821	-	-	-	CF_RS04075	WP_011458362.1	349	sulfite reductase flavoprotein subunit alpha
chr	NC_007899.1	958838	959155	-	-	-	CF_RS04080	WP_006342871.1	105	MULTISPECIES: 30S ribosomal protein S10
chr	NC_007899.1	959163	961247	-	-	-	CF_RS04085	WP_011458363.1	694	elongation factor G
chr	NC_007899.1	961289	961762	-	-	-	CF_RS04090	WP_011458364.1	157	30S ribosomal protein S7
chr	NC_007899.1	961806	962177	-	-	-	CF_RS04095	WP_006342868.1	123	MULTISPECIES: 30S ribosomal protein S12
chr	NC_007899.1	962949	963227	+	-	-	CF_RS04100	WP_011458365.1	92	hypothetical protein
chr	NC_007899.1	963353	965308	+	-	-	CF_RS04105	WP_011458366.1	651	S41 family peptidase
chr	NC_007899.1	965351	965824	-	-	-	CF_RS05140	WP_050711614.1	157	hypothetical protein
chr	NC_007899.1	966032	967708	-	-	-	CF_RS04115	WP_011458368.1	558	DUF11 domain-containing protein
chr	NC_007899.1	967873	968142	-	-	-	CF_RS04120	WP_011458369.1	89	hypothetical protein
chr	NC_007899.1	968568	968747	+	-	-	CF_RS04125	WP_011458370.1	59	hypothetical protein
chr	NC_007899.1	968803	970320	-	-	-	CF_RS04130	WP_011458371.1	505	glutamate--tRNA ligase
chr	NC_007899.1	970588	971136	-	-	-	CF_RS04135	WP_011458372.1	182	DNA-binding protein
chr	NC_007899.1	971773	972933	-	-	-	CF_RS04140	WP_011458373.1	386	hypothetical protein
chr	NC_007899.1	973384	975153	-	-	-	CF_RS04145	WP_011458374.1	589	single-stranded-DNA-specific exonuclease RecJ
chr	NC_007899.1	975242	979456	-	-	-	CF_RS04150	WP_011458375.1	1404	protein translocase subunit SecDF
chr	NC_007899.1	979692	980801	-	-	-	CF_RS04155	WP_011458377.1	369	hypothetical protein
chr	NC_007899.1	981401	982153	+	-	-	CF_RS04160	WP_011458378.1	250	isoprenyl transferase
chr	NC_007899.1	982156	983076	+	-	-	CF_RS04165	WP_011458379.1	306	CDP-archaeol synthase
chr	NC_007899.1	983073	983723	+	-	-	CF_RS04170	WP_011458380.1	216	(d)CMP kinase
chr	NC_007899.1	983720	984367	+	-	-	CF_RS04175	WP_011458381.1	215	1-acyl-sn-glycerol-3-phosphate acyltransferase
chr	NC_007899.1	984373	986061	+	-	-	CF_RS04180	WP_011458382.1	562	arginine--tRNA ligase
chr	NC_007899.1	986064	987398	-	-	-	CF_RS04185	WP_011458383.1	444	UDP-N-acetylglucosamine 1-carboxyvinyltransferase
chr	NC_007899.1	987631	990369	+	-	-	CF_RS04190	WP_011458384.1	912	type III secretion system actin-recruiting effector Tarp
chr	NC_007899.1	990406	991122	-	-	-	CF_RS04195	WP_011458385.1	238	YebC/PmpR family DNA-binding transcriptional regulator
chr	NC_007899.1	991109	991660	-	-	-	CF_RS04200	WP_011458386.1	183	hypothetical protein
chr	NC_007899.1	991699	992211	-	-	-	CF_RS04205	WP_011458387.1	170	GNAT family N-acetyltransferase
chr	NC_007899.1	993582	993845	+	-	-	CF_RS04215	WP_011458390.1	87	swiB complex protein
chr	NC_007899.1	993917	994891	+	-	-	CF_RS04220	WP_011458391.1	324	UDP-2,3-diacylglucosamine diphosphatase LpxG
chr	NC_007899.1	994881	995519	+	-	-	CF_RS04225	WP_011458392.1	212	2-C-methyl-D-erythritol 4-phosphate cytidylyltransferase
chr	NC_007899.1	995516	996322	+	-	-	CF_RS04230	WP_011458393.1	268	tRNA pseudouridine(38-40) synthase TruA
chr	NC_007899.1	996265	996957	-	-	-	CF_RS04235	WP_041468109.1	230	HAD family phosphatase
chr	NC_007899.1	997084	997788	+	-	-	CF_RS04240	WP_011458395.1	234	hypothetical protein
chr	NC_007899.1	997956	998345	+	-	-	CF_RS04250	WP_041468022.1	129	hypothetical protein
chr	NC_007899.1	998326	999378	+	-	-	CF_RS04255	WP_011458397.1	350	PAS domain-containing protein
chr	NC_007899.1	999394	1002432	-	-	-	CF_RS04260	WP_011458398.1	1012	membrane protein
chr	NC_007899.1	1002617	1003777	+	-	-	CF_RS04265	WP_011458399.1	386	sigma-54-dependent Fis family transcriptional regulator
chr	NC_007899.1	1004081	1004767	+	-	-	CF_RS04275	WP_011458400.1	228	hypothetical protein
chr	NC_007899.1	1004721	1005293	+	-	-	CF_RS04280	WP_011458401.1	190	membrane protein
chr	NC_007899.1	1005298	1006041	+	-	-	CF_RS04285	WP_011458402.1	247	DNA repair protein RecO
chr	NC_007899.1	1005991	1006581	-	-	-	CF_RS04290	WP_041468024.1	196	hypothetical protein
chr	NC_007899.1	1006863	1007657	+	-	-	CF_RS04300	WP_011458404.1	264	RMD1 family protein
chr	NC_007899.1	1007647	1007958	+	-	-	CF_RS05220	WP_011458405.1	103	membrane protein insertion efficiency factor YidD
chr	NC_007899.1	1007882	1008973	-	-	-	CF_RS04305	WP_011458406.1	363	LysM peptidoglycan-binding domain-containing protein
chr	NC_007899.1	1009080	1011464	+	-	-	CF_RS04310	WP_011458407.1	794	phenylalanine--tRNA ligase subunit beta
chr	NC_007899.1	1011461	1012432	+	-	-	CF_RS04315	WP_011458408.1	323	toxin-antitoxin system YwqK family antitoxin
chr	NC_007899.1	1012447	1012974	+	-	-	CF_RS04320	WP_011458409.1	175	methylated-DNA-
chr	NC_007899.1	1012971	1014704	-	-	-	CF_RS04325	WP_011458410.1	577	ABC transporter permease subunit
chr	NC_007899.1	1014708	1016186	-	-	-	CF_RS04330	WP_011458411.1	492	ABC transporter permease
chr	NC_007899.1	1016168	1018288	-	-	-	CF_RS04335	WP_011458412.1	706	peptide ABC transporter substrate-binding protein
chr	NC_007899.1	1019262	1019474	+	-	-	CF_RS05225	WP_083755031.1	70	hypothetical protein
chr	NC_007899.1	1020229	1020558	-	-	-	CF_RS04340	WP_011458414.1	109	hypothetical protein
chr	NC_007899.1	1020612	1021619	-	-	-	CF_RS04345	WP_011458415.1	335	membrane protein
chr	NC_007899.1	1021716	1022672	+	-	-	CF_RS04350	WP_011458416.1	318	ferrochelatase
chr	NC_007899.1	1022677	1023429	-	-	-	CF_RS04355	WP_011458417.1	250	ABC transporter substrate-binding protein
chr	NC_007899.1	1023623	1024186	-	-	-	CF_RS04360	WP_011458418.1	187	16S rRNA (guanine(966)-N(2))-methyltransferase RsmD
chr	NC_007899.1	1024183	1024926	-	-	-	CF_RS04365	WP_011458419.1	247	phoshohydrolase
chr	NC_007899.1	1025038	1026366	-	-	-	CF_RS04370	WP_011458420.1	442	glucose-1-phosphate adenylyltransferase
chr	NC_007899.1	1026506	1027126	-	-	-	CF_RS04375	WP_011458421.1	206	orotate phosphoribosyltransferase
chr	NC_007899.1	1027188	1027448	+	-	-	CF_RS04380	WP_011458422.1	86	hypothetical protein
chr	NC_007899.1	1027707	1029101	-	-	-	CF_RS04385	WP_011458423.1	464	transcription termination factor Rho
chr	NC_007899.1	1029098	1029706	-	-	-	CF_RS04390	WP_011458424.1	202	dephospho-CoA kinase
chr	NC_007899.1	1029700	1032309	-	-	-	CF_RS04395	WP_011458425.1	869	DNA polymerase I
chr	NC_007899.1	1032340	1033341	-	-	-	CF_RS04400	WP_041468027.1	333	S49 family peptidase
chr	NC_007899.1	1033450	1035099	-	-	-	CF_RS04405	WP_011458427.1	549	NTP/H+ exchange transporter Npt2
chr	NC_007899.1	1035335	1035841	-	-	-	CF_RS04410	WP_011458428.1	168	CDP-alcohol phosphatidyltransferase family protein
chr	NC_007899.1	1036502	1037920	+	-	-	CF_RS04420	WP_041468028.1	472	replicative DNA helicase
chr	NC_007899.1	1038280	1038369	+	-	-	CF_RS05230	WP_072054076.1	29	MULTISPECIES: AURKAIP1/COX24 domain-containing protein
chr	NC_007899.1	1038380	1040215	+	-	-	CF_RS04425	WP_011458430.1	611	tRNA uridine-5-carboxymethylaminomethyl(34) synthesis enzyme MnmG
chr	NC_007899.1	1040202	1040906	+	-	-	CF_RS04430	WP_011458431.1	234	lipoate--protein ligase family protein
chr	NC_007899.1	1040919	1041344	-	-	-	CF_RS04435	WP_011458432.1	141	nucleoside-diphosphate kinase
chr	NC_007899.1	1041414	1042037	-	-	-	CF_RS04440	WP_011458433.1	207	Holliday junction branch migration protein RuvA
chr	NC_007899.1	1042037	1042543	-	-	-	CF_RS04445	WP_011458434.1	168	crossover junction endodeoxyribonuclease RuvC
chr	NC_007899.1	1042658	1043614	-	-	-	CF_RS04450	WP_011458435.1	318	hypothetical protein
chr	NC_007899.1	1044115	1044939	-	-	-	CF_RS04460	WP_011458436.1	274	hypothetical protein
chr	NC_007899.1	1044952	1045959	-	-	-	CF_RS04465	WP_011458437.1	335	type I glyceraldehyde-3-phosphate dehydrogenase
chr	NC_007899.1	1045999	1046427	-	-	-	CF_RS04470	WP_011458438.1	142	50S ribosomal protein L17
chr	NC_007899.1	1046436	1047566	-	-	-	CF_RS04475	WP_011458439.1	376	DNA-directed RNA polymerase subunit alpha
chr	NC_007899.1	1047587	1047985	-	-	-	CF_RS04480	WP_011458440.1	132	30S ribosomal protein S11
chr	NC_007899.1	1048006	1048374	-	-	-	CF_RS04485	WP_011006085.1	122	MULTISPECIES: 30S ribosomal protein S13
chr	NC_007899.1	1048430	1049803	-	-	-	CF_RS04490	WP_011458441.1	457	preprotein translocase subunit SecY
chr	NC_007899.1	1049828	1050262	-	-	-	CF_RS04495	WP_011458442.1	144	50S ribosomal protein L15
chr	NC_007899.1	1050255	1050752	-	-	-	CF_RS04500	WP_011458443.1	165	30S ribosomal protein S5
chr	NC_007899.1	1050768	1051139	-	-	-	CF_RS04505	WP_011458444.1	123	50S ribosomal protein L18
chr	NC_007899.1	1051162	1051713	-	-	-	CF_RS04510	WP_011458445.1	183	50S ribosomal protein L6
chr	NC_007899.1	1051745	1052146	-	-	-	CF_RS04515	WP_011458446.1	133	30S ribosomal protein S8
chr	NC_007899.1	1052164	1052706	-	-	-	CF_RS04520	WP_011458447.1	180	50S ribosomal protein L5
chr	NC_007899.1	1052708	1053049	-	-	-	CF_RS04525	WP_011458448.1	113	50S ribosomal protein L24
chr	NC_007899.1	1053064	1053432	-	-	-	CF_RS04530	WP_011006076.1	122	MULTISPECIES: 50S ribosomal protein L14
chr	NC_007899.1	1053467	1053718	-	-	-	CF_RS04535	WP_011458449.1	83	30S ribosomal protein S17
chr	NC_007899.1	1053711	1053929	-	-	-	CF_RS04540	WP_011458450.1	72	50S ribosomal protein L29
chr	NC_007899.1	1053935	1054351	-	-	-	CF_RS04545	WP_011458451.1	138	50S ribosomal protein L16
chr	NC_007899.1	1054378	1055049	-	-	-	CF_RS04550	WP_011458452.1	223	30S ribosomal protein S3
chr	NC_007899.1	1055058	1055393	-	-	-	CF_RS04555	WP_011458453.1	111	50S ribosomal protein L22
chr	NC_007899.1	1055412	1055678	-	-	-	CF_RS04560	WP_011458454.1	88	30S ribosomal protein S19
chr	NC_007899.1	1055684	1056538	-	-	-	CF_RS04565	WP_011458455.1	284	50S ribosomal protein L2
chr	NC_007899.1	1056565	1056900	-	-	-	CF_RS04570	WP_011458456.1	111	50S ribosomal protein L23
chr	NC_007899.1	1056917	1057591	-	-	-	CF_RS04575	WP_011458457.1	224	50S ribosomal protein L4
chr	NC_007899.1	1057608	1058273	-	-	-	CF_RS04580	WP_011458458.1	221	50S ribosomal protein L3
chr	NC_007899.1	1058571	1059545	-	-	-	CF_RS04585	WP_011458459.1	324	hypothetical protein
chr	NC_007899.1	1059655	1060620	-	-	-	CF_RS04590	WP_041468031.1	321	methionyl-tRNA formyltransferase
chr	NC_007899.1	1060610	1061449	-	-	-	CF_RS04595	WP_011458461.1	279	acyl-ACP--UDP-N-acetylglucosamine O-acyltransferase
chr	NC_007899.1	1061459	1061923	-	-	-	CF_RS04600	WP_011458462.1	154	3-hydroxyacyl-ACP dehydratase FabZ
chr	NC_007899.1	1061938	1062780	-	-	-	CF_RS04605	WP_011458463.1	280	UDP-3-O-acyl-N-acetylglucosamine deacetylase
chr	NC_007899.1	1062810	1064435	-	-	-	CF_RS04610	WP_011458464.1	541	apolipoprotein N-acyltransferase
chr	NC_007899.1	1064443	1064913	-	-	-	CF_RS04615	WP_011458465.1	156	acyl-CoA thioesterase
chr	NC_007899.1	1065072	1065821	-	-	-	CF_RS04620	WP_011458466.1	249	DNA polymerase III subunit epsilon
chr	NC_007899.1	1065831	1066292	-	-	-	CF_RS04625	WP_011458467.1	153	tRNA (adenosine(37)-N6)-threonylcarbamoyltransferase complex ATPase subunit type 1 TsaE
chr	NC_007899.1	1066271	1066987	-	-	-	CF_RS04630	WP_041468034.1	238	DUF2709 domain-containing protein
chr	NC_007899.1	1067887	1068195	+	-	-	CF_RS04640	WP_011458469.1	102	thioredoxin
chr	NC_007899.1	1068192	1068662	-	-	-	CF_RS04645	WP_011458470.1	156	tRNA (cytidine(34)-2\'-O)-methyltransferase
chr	NC_007899.1	1068659	1069426	-	-	-	CF_RS04650	WP_011458471.1	255	FKBP-type peptidyl-prolyl cis-trans isomerase
chr	NC_007899.1	1069502	1071256	-	-	-	CF_RS04655	WP_011458472.1	584	aspartate--tRNA ligase
chr	NC_007899.1	1071231	1072523	-	-	-	CF_RS04660	WP_011458473.1	430	histidine--tRNA ligase
chr	NC_007899.1	1072592	1072792	-	-	-	CF_RS04665	WP_011458474.1	66	hypothetical protein
chr	NC_007899.1	1073039	1074406	+	-	-	CF_RS04670	WP_041468035.1	455	MFS transporter
chr	NC_007899.1	1074432	1078157	+	-	-	CF_RS04675	WP_011458476.1	1241	DNA polymerase III subunit alpha
chr	NC_007899.1	1078154	1079038	-	-	-	CF_RS04680	WP_011458477.1	294	hypothetical protein
chr	NC_007899.1	1079192	1080148	+	-	-	CF_RS04685	WP_011458478.1	318	hypothetical protein
chr	NC_007899.1	1080160	1080759	+	-	-	CF_RS04690	WP_011458479.1	199	hypothetical protein
chr	NC_007899.1	1080746	1081171	+	-	-	CF_RS04695	WP_011458480.1	141	anti-sigma regulatory factor
chr	NC_007899.1	1081173	1081595	-	-	-	CF_RS04700	WP_011458481.1	140	hypothetical protein
chr	NC_007899.1	1081706	1083007	+	-	-	CF_RS04705	WP_011458482.1	433	D-alanyl-D-alanine carboxypeptidase
chr	NC_007899.1	1083086	1083448	+	-	-	CF_RS04710	WP_011458483.1	120	hypothetical protein
chr	NC_007899.1	1083457	1084572	-	-	-	CF_RS04715	WP_011458484.1	371	RsmB/NOP family class I SAM-dependent RNA methyltransferase
chr	NC_007899.1	1084695	1085849	-	-	-	CF_RS04720	WP_011458485.1	384	hypothetical protein
chr	NC_007899.1	1085941	1087185	-	-	-	CF_RS04725	WP_011458486.1	414	hypothetical protein
chr	NC_007899.1	1087197	1088573	-	-	-	CF_RS04730	WP_011458487.1	458	hypothetical protein
chr	NC_007899.1	1089021	1090232	-	-	-	CF_RS04735	WP_011458488.1	403	phosphoglycerate kinase
chr	NC_007899.1	1090271	1091551	-	-	-	CF_RS04740	WP_011458489.1	426	inorganic phosphate transporter
chr	NC_007899.1	1091558	1092232	-	-	-	CF_RS04745	WP_011458490.1	224	TIGR00153 family protein
chr	NC_007899.1	1092286	1093245	+	-	-	CF_RS04750	WP_011458491.1	319	ABC transporter ATP-binding protein
chr	NC_007899.1	1093238	1094206	+	-	-	CF_RS04755	WP_011458492.1	322	ABC transporter ATP-binding protein
chr	NC_007899.1	1094243	1095082	-	-	-	CF_RS04760	WP_011458493.1	279	ParB/RepB/Spo0J family partition protein
chr	NC_007899.1	1095324	1095977	+	-	-	CF_RS04765	WP_011458494.1	217	hypothetical protein
chr	NC_007899.1	1096000	1096209	+	-	-	CF_RS04770	WP_041468038.1	69	hypothetical protein
chr	NC_007899.1	1096169	1096957	+	-	-	CF_RS04775	WP_011458495.1	262	polysaccharide deacetylase family protein
chr	NC_007899.1	1096961	1098181	-	-	-	CF_RS04780	WP_011458496.1	406	SufS family cysteine desulfurase
chr	NC_007899.1	1098171	1099451	-	-	-	CF_RS04785	WP_011458497.1	426	ABC transporter
chr	NC_007899.1	1099453	1100220	-	-	-	CF_RS04790	WP_011458498.1	255	Fe-S cluster assembly ATPase SufC
chr	NC_007899.1	1100224	1101678	-	-	-	CF_RS04795	WP_011458499.1	484	Fe-S cluster assembly protein SufB
chr	NC_007899.1	1102023	1103030	-	-	-	CF_RS04800	WP_011458500.1	335	tetratricopeptide repeat protein
chr	NC_007899.1	1103098	1106373	-	-	-	CF_RS04805	WP_011458501.1	1091	peptidase
chr	NC_007899.1	1106966	1108144	+	-	-	CF_RS04810	WP_011458503.1	392	porin
chr	NC_007899.1	1108523	1109344	+	-	-	CF_RS04820	WP_011458504.1	273	30S ribosomal protein S2
chr	NC_007899.1	1109344	1110192	+	-	-	CF_RS04825	WP_011458505.1	282	elongation factor Ts
chr	NC_007899.1	1110208	1110930	+	-	-	CF_RS04830	WP_011458506.1	240	UMP kinase
chr	NC_007899.1	1110932	1111474	+	-	-	CF_RS04835	WP_011458507.1	180	ribosome recycling factor
chr	NC_007899.1	1111882	1112400	+	-	-	CF_RS04850	WP_011458508.1	172	excinuclease ABC subunit B
chr	NC_007899.1	1112384	1113463	+	-	-	CF_RS04855	WP_011458509.1	359	protein arginine kinase
chr	NC_007899.1	1113949	1116675	-	-	-	CF_RS04865	WP_011458510.1	908	secretin
chr	NC_007899.1	1116672	1118177	-	-	-	CF_RS04870	WP_011458511.1	501	serine/threonine protein kinase
chr	NC_007899.1	1118195	1119310	-	-	-	CF_RS04875	WP_011458512.1	371	YscQ/HrcQ family type III secretion apparatus protein
chr	NC_007899.1	1119324	1120172	-	-	-	CF_RS04880	WP_011458513.1	282	hypothetical protein
chr	NC_007899.1	1120703	1122031	-	-	-	CF_RS04890	WP_011458515.1	442	EscN/YscN/HrcN family type III secretion system ATPase
chr	NC_007899.1	1122033	1122701	-	-	-	CF_RS04895	WP_011458516.1	222	hypothetical protein
chr	NC_007899.1	1122740	1123189	-	-	-	CF_RS04900	WP_011458517.1	149	hypothetical protein
chr	NC_007899.1	1123208	1123471	-	-	-	CF_RS04905	WP_011458518.1	87	hypothetical protein
chr	NC_007899.1	1123495	1123746	-	-	-	CF_RS04910	WP_011458519.1	83	hypothetical protein
chr	NC_007899.1	1123793	1126318	-	-	-	CF_RS04915	WP_011458520.1	841	EscD/YscD/HrpQ family type III secretion system inner membrane ring protein
chr	NC_007899.1	1126338	1126742	-	-	-	CF_RS04920	WP_041468111.1	134	CesT family type III secretion system chaperone
chr	NC_007899.1	1127091	1128107	-	-	hemA	CF_RS04925	WP_011458522.1	338	glutamyl-tRNA reductase
chr	NC_007899.1	1128689	1130497	+	-	-	CF_RS04930	WP_011458523.1	602	type IIA DNA topoisomerase subunit B
chr	NC_007899.1	1130501	1131940	+	-	-	CF_RS04935	WP_011458524.1	479	DNA topoisomerase IV subunit A
chr	NC_007899.1	1132054	1132347	+	-	-	CF_RS04940	WP_011458525.1	97	hypothetical protein
chr	NC_007899.1	1132349	1132657	+	-	-	CF_RS04945	WP_011458526.1	102	hypothetical protein
chr	NC_007899.1	1132882	1133874	+	-	-	CF_RS04950	WP_011458527.1	330	RluA family pseudouridine synthase
chr	NC_007899.1	1133981	1134217	+	-	-	CF_RS04955	WP_011458528.1	78	KH domain-containing protein
chr	NC_007899.1	1134639	1135448	+	-	-	CF_RS04965	WP_011458530.1	269	3-deoxy-8-phosphooctulonate synthase
chr	NC_007899.1	1135445	1135924	+	-	-	CF_RS04970	WP_011458531.1	159	DUF1137 domain-containing protein
chr	NC_007899.1	1135939	1136661	+	-	-	CF_RS04975	WP_011458532.1	240	LPS export ABC transporter ATP-binding protein
chr	NC_007899.1	1136940	1139489	-	-	-	CF_RS04980	WP_011458534.1	849	hypothetical protein
chr	NC_007899.1	1139645	1142239	+	-	-	CF_RS04985	WP_011458535.1	864	hypothetical protein
chr	NC_007899.1	1142512	1144464	-	-	-	CF_RS04990	WP_011458536.1	650	hypothetical protein
chr	NC_007899.1	1144570	1145856	-	-	-	CF_RS04995	WP_011458537.1	428	hypothetical protein
chr	NC_007899.1	1145966	1147612	-	-	-	CF_RS05000	WP_011458538.1	548	murein biosynthesis integral membrane protein MurJ
chr	NC_007899.1	1147678	1148547	+	-	-	CF_RS05005	WP_041468043.1	289	deoxyribonuclease IV
chr	NC_007899.1	1148616	1149245	-	-	-	CF_RS05010	WP_011458540.1	209	30S ribosomal protein S4
chr	NC_007899.1	1149467	1150444	+	-	-	CF_RS05015	WP_011458541.1	325	rhodanese-related sulfurtransferase
chr	NC_007899.1	1150480	1152192	-	-	-	CF_RS05020	WP_011458542.1	570	MFS transporter
chr	NC_007899.1	1152191	1155259	+	-	-	CF_RS05025	WP_011458543.1	1022	exodeoxyribonuclease V subunit gamma
chr	NC_007899.1	1155246	1158383	+	-	-	CF_RS05030	WP_011458544.1	1045	exodeoxyribonuclease V subunit beta
chr	NC_007899.1	1158343	1159410	-	-	-	CF_RS05035	WP_011458545.1	355	rod shape-determining protein MreC
chr	NC_007899.1	1159669	1160862	-	-	-	CF_RS05040	WP_011458546.1	397	aspartate/tyrosine/aromatic aminotransferase
chr	NC_007899.1	1161011	1163164	-	-	-	CF_RS05050	WP_011458547.1	717	transcript cleavage factor
chr	NC_007899.1	1163276	1163710	+	-	-	CF_RS05055	WP_011458548.1	144	hypothetical protein
chr	NC_007899.1	1163733	1165148	+	-	-	CF_RS05060	WP_011458549.1	471	Na(+)-translocating NADH-quinone reductase subunit A
chr	NC_007899.1	1165164	1166159	-	-	-	CF_RS05065	WP_011458550.1	331	porphobilinogen synthase
pCfe1	NC_007900.1	150	1073	+	-	-	CF_RS05075	WP_041468112.1	307	site-specific integrase
pCfe1	NC_007900.1	1157	2164	-	-	-	CF_RS05080	WP_011458552.1	335	site-specific integrase
pCfe1	NC_007900.1	2268	3644	+	-	-	CF_RS05085	WP_041468114.1	458	DNA helicase
pCfe1	NC_007900.1	3638	4681	+	-	-	CF_RS05090	WP_041468115.1	347	hypothetical protein
pCfe1	NC_007900.1	4736	5530	+	-	-	CF_RS05095	WP_041468116.1	264	virulence factor
pCfe1	NC_007900.1	5626	5934	+	-	-	CF_RS05100	WP_041468118.1	102	hypothetical protein
pCfe1	NC_007900.1	5965	6744	+	-	-	CF_RS05105	WP_041468117.1	259	ParA family protein
pCfe1	NC_007900.1	6741	7481	+	-	-	CF_RS05110	WP_011458558.1	246	virulence factor
