#Replicon Name	Replicon Accession	Start	Stop	Strand	GeneID	Locus	Locus tag	Protein product	Length	Protein name
chr	NC_004552.2	148	1143	+	-	-	CAB_RS00005	WP_011096755.1	331	porphobilinogen synthase
chr	NC_004552.2	1159	2577	-	-	-	CAB_RS00010	WP_011096756.1	472	Na(+)-translocating NADH-quinone reductase subunit A
chr	NC_004552.2	2600	3034	-	-	-	CAB_RS00015	WP_006343682.1	144	hypothetical protein
chr	NC_004552.2	3147	5300	+	-	-	CAB_RS00020	WP_011096757.1	717	transcript cleavage factor
chr	NC_004552.2	5450	6643	+	-	-	CAB_RS00030	WP_011096758.1	397	aspartate/tyrosine/aromatic aminotransferase
chr	NC_004552.2	6841	7944	+	-	-	CAB_RS00035	WP_011096759.1	367	rod shape-determining protein MreC
chr	NC_004552.2	7904	11041	-	-	-	CAB_RS00040	WP_011096760.1	1045	exodeoxyribonuclease V subunit beta
chr	NC_004552.2	11028	14096	-	-	-	CAB_RS00045	WP_011096761.1	1022	exodeoxyribonuclease V subunit gamma
chr	NC_004552.2	14095	15807	+	-	-	CAB_RS00050	WP_011096762.1	570	MFS transporter
chr	NC_004552.2	15832	16812	-	-	-	CAB_RS00055	WP_011096763.1	326	rhodanese-related sulfurtransferase
chr	NC_004552.2	17032	17661	+	-	-	CAB_RS00060	WP_011096764.1	209	30S ribosomal protein S4
chr	NC_004552.2	17729	18598	-	-	-	CAB_RS00065	WP_011096765.1	289	deoxyribonuclease IV
chr	NC_004552.2	18664	20307	+	-	-	CAB_RS00070	WP_011096766.1	547	murein biosynthesis integral membrane protein MurJ
chr	NC_004552.2	20414	21700	+	-	-	CAB_RS00075	WP_011096767.1	428	hypothetical protein
chr	NC_004552.2	21806	23725	+	-	-	CAB_RS00080	WP_011096768.1	639	hypothetical protein
chr	NC_004552.2	23916	26516	-	-	-	CAB_RS00085	WP_011096769.1	866	hypothetical protein
chr	NC_004552.2	26660	29317	+	-	-	CAB_RS00090	WP_011096770.1	885	hypothetical protein
chr	NC_004552.2	29402	29578	+	-	-	CAB_RS00095	WP_086379999.1	58	hypothetical protein
chr	NC_004552.2	29575	30297	-	-	-	CAB_RS00100	WP_006342694.1	240	MULTISPECIES: LPS export ABC transporter ATP-binding protein
chr	NC_004552.2	30305	30790	-	-	-	CAB_RS00105	WP_011096771.1	161	DUF1137 domain-containing protein
chr	NC_004552.2	30787	31596	-	-	-	CAB_RS00110	WP_006343699.1	269	3-deoxy-8-phosphooctulonate synthase
chr	NC_004552.2	31867	32064	+	-	-	CAB_RS05085	WP_072667736.1	65	hypothetical protein
chr	NC_004552.2	32041	32277	-	-	-	CAB_RS00120	WP_006342697.1	78	MULTISPECIES: KH domain-containing protein
chr	NC_004552.2	32396	33373	-	-	-	CAB_RS00125	WP_011096772.1	325	RluA family pseudouridine synthase
chr	NC_004552.2	33572	33880	-	-	-	CAB_RS00130	WP_006343701.1	102	hypothetical protein
chr	NC_004552.2	33882	34175	-	-	-	CAB_RS00135	WP_011096773.1	97	hypothetical protein
chr	NC_004552.2	34288	35727	-	-	-	CAB_RS00140	WP_011096774.1	479	DNA topoisomerase IV subunit A
chr	NC_004552.2	35731	37539	-	-	-	CAB_RS00145	WP_011096775.1	602	type IIA DNA topoisomerase subunit B
chr	NC_004552.2	38121	39137	+	-	hemA	CAB_RS00150	WP_011096776.1	338	glutamyl-tRNA reductase
chr	NC_004552.2	39483	39887	+	-	-	CAB_RS00155	WP_041461297.1	134	CesT family type III secretion system chaperone
chr	NC_004552.2	39907	42288	+	-	-	CAB_RS00160	WP_011096779.1	793	EscD/YscD/HrpQ family type III secretion system inner membrane ring protein
chr	NC_004552.2	42335	42595	+	-	-	CAB_RS00165	WP_041461298.1	86	hypothetical protein
chr	NC_004552.2	42611	42865	+	-	-	CAB_RS00170	WP_006343709.1	84	MULTISPECIES: hypothetical protein
chr	NC_004552.2	42884	43333	+	-	-	CAB_RS00175	WP_006343710.1	149	hypothetical protein
chr	NC_004552.2	43378	44046	+	-	-	CAB_RS00180	WP_011096781.1	222	hypothetical protein
chr	NC_004552.2	44048	45376	+	-	-	CAB_RS00185	WP_006343712.1	442	EscN/YscN/HrcN family type III secretion system ATPase
chr	NC_004552.2	45397	45915	+	-	-	CAB_RS00190	WP_011096782.1	172	hypothetical protein
chr	NC_004552.2	45906	46751	+	-	-	CAB_RS00195	WP_011096783.1	281	hypothetical protein
chr	NC_004552.2	46764	47879	+	-	-	CAB_RS00200	WP_011096784.1	371	YscQ/HrcQ family type III secretion apparatus protein
chr	NC_004552.2	47897	49405	+	-	-	CAB_RS00205	WP_011096785.1	502	serine/threonine protein kinase
chr	NC_004552.2	49402	52128	+	-	-	CAB_RS00210	WP_011096786.1	908	type II secretion system protein GspD
chr	NC_004552.2	52771	53847	-	-	-	CAB_RS00220	WP_011096787.1	358	protein arginine kinase
chr	NC_004552.2	53831	54349	-	-	-	CAB_RS00225	WP_011096788.1	172	excinuclease ABC subunit B
chr	NC_004552.2	54754	55296	-	-	-	CAB_RS00240	WP_011096789.1	180	ribosome recycling factor
chr	NC_004552.2	55280	56020	-	-	-	CAB_RS00245	WP_011096790.1	246	UMP kinase
chr	NC_004552.2	56036	56884	-	-	-	CAB_RS00250	WP_011096791.1	282	elongation factor Ts
chr	NC_004552.2	56884	57714	-	-	-	CAB_RS00255	WP_011096792.1	276	30S ribosomal protein S2
chr	NC_004552.2	58095	59264	-	-	-	CAB_RS00265	WP_011096793.1	389	porin
chr	NC_004552.2	59869	63141	+	-	-	CAB_RS00270	WP_011096794.1	1090	peptidase
chr	NC_004552.2	63209	64216	+	-	-	CAB_RS00275	WP_011096795.1	335	MULTISPECIES: tetratricopeptide repeat protein
chr	NC_004552.2	64552	66006	+	-	-	CAB_RS00280	WP_011096796.1	484	Fe-S cluster assembly protein SufB
chr	NC_004552.2	66010	66777	+	-	-	CAB_RS00285	WP_011096797.1	255	Fe-S cluster assembly ATPase SufC
chr	NC_004552.2	66780	68018	+	-	-	CAB_RS00290	WP_041461299.1	412	SufD family Fe-S cluster assembly protein
chr	NC_004552.2	68050	69270	+	-	-	CAB_RS00295	WP_011096799.1	406	SufS family cysteine desulfurase
chr	NC_004552.2	69274	70062	-	-	-	CAB_RS00300	WP_011096800.1	262	polysaccharide deacetylase
chr	NC_004552.2	70256	70909	-	-	-	CAB_RS00305	WP_011096801.1	217	hypothetical protein
chr	NC_004552.2	71150	71989	+	-	-	CAB_RS00310	WP_006343732.1	279	ParB/RepB/Spo0J family partition protein
chr	NC_004552.2	72028	72996	-	-	-	CAB_RS00315	WP_011096802.1	322	ABC transporter ATP-binding protein
chr	NC_004552.2	72989	73951	-	-	-	CAB_RS00320	WP_011096803.1	320	ABC transporter ATP-binding protein
chr	NC_004552.2	74005	74679	+	-	-	CAB_RS00325	WP_006343735.1	224	TIGR00153 family protein
chr	NC_004552.2	74686	75966	+	-	-	CAB_RS00330	WP_011096804.1	426	inorganic phosphate transporter
chr	NC_004552.2	76004	77215	+	-	-	CAB_RS00335	WP_011096805.1	403	phosphoglycerate kinase
chr	NC_004552.2	77681	79186	+	-	-	CAB_RS00340	WP_011096806.1	501	hypothetical protein
chr	NC_004552.2	79200	80372	+	-	-	CAB_RS00345	WP_011096807.1	390	hypothetical protein
chr	NC_004552.2	80525	81679	+	-	-	CAB_RS00350	WP_011096808.1	384	hypothetical protein
chr	NC_004552.2	82921	83283	-	-	-	CAB_RS00365	WP_011096809.1	120	hypothetical protein
chr	NC_004552.2	83366	84667	-	-	-	CAB_RS00370	WP_011096810.1	433	D-alanyl-D-alanine carboxypeptidase
chr	NC_004552.2	85199	85624	-	-	-	CAB_RS00380	WP_006343743.1	141	anti-sigma regulatory factor
chr	NC_004552.2	85611	86210	-	-	-	CAB_RS00385	WP_011096811.1	199	hypothetical protein
chr	NC_004552.2	86227	87183	-	-	-	CAB_RS00390	WP_011096812.1	318	hypothetical protein
chr	NC_004552.2	87336	88220	+	-	-	CAB_RS00395	WP_011096813.1	294	hypothetical protein
chr	NC_004552.2	88217	91945	-	-	-	CAB_RS00400	WP_041461301.1	1242	DNA polymerase III subunit alpha
chr	NC_004552.2	91970	93337	-	-	-	CAB_RS00405	WP_011096815.1	455	MFS transporter
chr	NC_004552.2	93583	93783	+	-	-	CAB_RS00410	WP_011096816.1	66	hypothetical protein
chr	NC_004552.2	93851	95143	+	-	-	CAB_RS00415	WP_011096817.1	430	histidine--tRNA ligase
chr	NC_004552.2	95118	96872	+	-	-	CAB_RS00420	WP_011096818.1	584	aspartate--tRNA ligase
chr	NC_004552.2	96948	97715	+	-	-	CAB_RS00425	WP_006343752.1	255	FKBP-type peptidyl-prolyl cis-trans isomerase
chr	NC_004552.2	97712	98182	+	-	-	CAB_RS00430	WP_011096819.1	156	tRNA (cytidine(34)-2\'-O)-methyltransferase
chr	NC_004552.2	98179	98487	-	-	-	CAB_RS00435	WP_006343754.1	102	thioredoxin
chr	NC_004552.2	99618	100334	+	-	-	CAB_RS00445	WP_006342758.1	238	MULTISPECIES: DUF2709 domain-containing protein
chr	NC_004552.2	100313	100774	+	-	-	CAB_RS00450	WP_011096820.1	153	tRNA (adenosine(37)-N6)-threonylcarbamoyltransferase complex ATPase subunit type 1 TsaE
chr	NC_004552.2	100784	101533	+	-	-	CAB_RS00455	WP_006343757.1	249	DNA polymerase III subunit epsilon
chr	NC_004552.2	101692	102162	+	-	-	CAB_RS00460	WP_006343758.1	156	acyl-CoA thioesterase
chr	NC_004552.2	102170	103795	+	-	-	CAB_RS00465	WP_011096821.1	541	apolipoprotein N-acyltransferase
chr	NC_004552.2	103825	104667	+	-	-	CAB_RS00470	WP_041461302.1	280	UDP-3-O-acyl-N-acetylglucosamine deacetylase
chr	NC_004552.2	104682	105146	+	-	-	CAB_RS00475	WP_006343761.1	154	3-hydroxyacyl-ACP dehydratase FabZ
chr	NC_004552.2	105156	105995	+	-	-	CAB_RS00480	WP_011096823.1	279	acyl
chr	NC_004552.2	105985	106950	+	-	-	CAB_RS00485	WP_011096824.1	321	methionyl-tRNA formyltransferase
chr	NC_004552.2	107060	108034	+	-	-	CAB_RS00490	WP_011096825.1	324	hypothetical protein
chr	NC_004552.2	108328	108993	+	-	-	CAB_RS00495	WP_011096826.1	221	50S ribosomal protein L3
chr	NC_004552.2	109010	109684	+	-	-	CAB_RS00500	WP_006343766.1	224	50S ribosomal protein L4
chr	NC_004552.2	109701	110036	+	-	-	CAB_RS00505	WP_006343767.1	111	50S ribosomal protein L23
chr	NC_004552.2	110058	110912	+	-	-	CAB_RS00510	WP_006342771.1	284	MULTISPECIES: 50S ribosomal protein L2
chr	NC_004552.2	110918	111184	+	-	-	CAB_RS00515	WP_006342772.1	88	MULTISPECIES: 30S ribosomal protein S19
chr	NC_004552.2	111203	111538	+	-	-	CAB_RS00520	WP_006343768.1	111	50S ribosomal protein L22
chr	NC_004552.2	111547	112218	+	-	-	CAB_RS00525	WP_011096827.1	223	30S ribosomal protein S3
chr	NC_004552.2	112245	112661	+	-	-	CAB_RS00530	WP_041461303.1	138	50S ribosomal protein L16
chr	NC_004552.2	112668	112886	+	-	-	CAB_RS00535	WP_006343771.1	72	50S ribosomal protein L29
chr	NC_004552.2	112879	113130	+	-	-	CAB_RS00540	WP_011096829.1	83	30S ribosomal protein S17
chr	NC_004552.2	113165	113533	+	-	-	CAB_RS00545	WP_006343773.1	122	50S ribosomal protein L14
chr	NC_004552.2	113548	113889	+	-	-	CAB_RS00550	WP_011096830.1	113	50S ribosomal protein L24
chr	NC_004552.2	113891	114433	+	-	-	CAB_RS00555	WP_011096831.1	180	50S ribosomal protein L5
chr	NC_004552.2	114452	114853	+	-	-	CAB_RS00560	WP_006343776.1	133	30S ribosomal protein S8
chr	NC_004552.2	114885	115436	+	-	-	CAB_RS00565	WP_011096832.1	183	50S ribosomal protein L6
chr	NC_004552.2	115459	115830	+	-	-	CAB_RS00570	WP_006343778.1	123	50S ribosomal protein L18
chr	NC_004552.2	115846	116343	+	-	-	CAB_RS00575	WP_006342784.1	165	MULTISPECIES: 30S ribosomal protein S5
chr	NC_004552.2	116336	116770	+	-	-	CAB_RS00580	WP_011096833.1	144	50S ribosomal protein L15
chr	NC_004552.2	116795	118168	+	-	-	CAB_RS00585	WP_011096834.1	457	preprotein translocase subunit SecY
chr	NC_004552.2	118224	118592	+	-	-	CAB_RS00590	WP_006342787.1	122	MULTISPECIES: 30S ribosomal protein S13
chr	NC_004552.2	118613	119011	+	-	-	CAB_RS00595	WP_011096835.1	132	30S ribosomal protein S11
chr	NC_004552.2	119032	120162	+	-	-	CAB_RS00600	WP_006343782.1	376	DNA-directed RNA polymerase subunit alpha
chr	NC_004552.2	120171	120599	+	-	-	CAB_RS00605	WP_006342790.1	142	MULTISPECIES: 50S ribosomal protein L17
chr	NC_004552.2	120638	121645	+	-	-	CAB_RS00610	WP_011096836.1	335	type I glyceraldehyde-3-phosphate dehydrogenase
chr	NC_004552.2	121658	122479	+	-	-	CAB_RS00615	WP_011096837.1	273	hypothetical protein
chr	NC_004552.2	122987	123889	+	-	-	CAB_RS00625	WP_011096838.1	300	hypothetical protein
chr	NC_004552.2	123997	124503	+	-	-	CAB_RS00630	WP_011096839.1	168	crossover junction endodeoxyribonuclease RuvC
chr	NC_004552.2	124503	125126	+	-	-	CAB_RS00635	WP_011096840.1	207	Holliday junction branch migration protein RuvA
chr	NC_004552.2	125197	125622	+	-	-	CAB_RS00640	WP_006343788.1	141	nucleoside-diphosphate kinase
chr	NC_004552.2	125635	126336	-	-	-	CAB_RS00645	WP_011096841.1	233	lipoate--protein ligase family protein
chr	NC_004552.2	126323	128158	-	-	-	CAB_RS00650	WP_011096842.1	611	tRNA uridine-5-carboxymethylaminomethyl(34) synthesis enzyme MnmG
chr	NC_004552.2	128169	128258	-	-	-	CAB_RS05090	WP_072667724.1	29	MULTISPECIES: AURKAIP1/COX24 domain-containing protein
chr	NC_004552.2	128332	128514	+	-	-	CAB_RS05095	WP_080126200.1	60	hypothetical protein
chr	NC_004552.2	128620	130038	-	-	-	CAB_RS00655	WP_041461304.1	472	replicative DNA helicase
chr	NC_004552.2	130703	131209	+	-	-	CAB_RS00665	WP_011096844.1	168	CDP-alcohol phosphatidyltransferase family protein
chr	NC_004552.2	131446	133095	+	-	-	CAB_RS00670	WP_011096845.1	549	NTP/H+ exchange transporter Npt2
chr	NC_004552.2	133204	134205	+	-	-	CAB_RS00675	WP_041461305.1	333	S49 family peptidase
chr	NC_004552.2	134233	136842	+	-	-	CAB_RS00680	WP_011096847.1	869	DNA polymerase I
chr	NC_004552.2	136836	137444	+	-	-	CAB_RS00685	WP_041461306.1	202	dephospho-CoA kinase
chr	NC_004552.2	137441	138835	+	-	-	CAB_RS00690	WP_006342805.1	464	MULTISPECIES: transcription termination factor Rho
chr	NC_004552.2	139101	139361	-	-	-	CAB_RS00695	WP_006343797.1	86	hypothetical protein
chr	NC_004552.2	139423	140043	+	-	-	CAB_RS00700	WP_011096849.1	206	orotate phosphoribosyltransferase
chr	NC_004552.2	140181	141509	+	-	-	CAB_RS00705	WP_041461307.1	442	glucose-1-phosphate adenylyltransferase
chr	NC_004552.2	141624	142367	+	-	-	CAB_RS00710	WP_011096851.1	247	phoshohydrolase
chr	NC_004552.2	142364	142927	+	-	-	CAB_RS00715	WP_011096852.1	187	16S rRNA (guanine(966)-N(2))-methyltransferase RsmD
chr	NC_004552.2	143128	143880	+	-	-	CAB_RS00720	WP_006343802.1	250	ABC transporter substrate-binding protein
chr	NC_004552.2	143885	144841	-	-	-	CAB_RS00725	WP_011096853.1	318	ferrochelatase
chr	NC_004552.2	144935	145942	+	-	-	CAB_RS00730	WP_011096854.1	335	membrane protein
chr	NC_004552.2	145996	146319	+	-	-	CAB_RS00735	WP_006343805.1	107	MULTISPECIES: hypothetical protein
chr	NC_004552.2	147071	147253	+	-	-	CAB_RS00740	WP_035395245.1	60	hypothetical protein
chr	NC_004552.2	148659	150776	+	-	-	CAB_RS00745	WP_011096856.1	705	peptide ABC transporter substrate-binding protein
chr	NC_004552.2	150758	152227	+	-	-	CAB_RS00750	WP_006343808.1	489	ABC transporter permease
chr	NC_004552.2	152229	153962	+	-	-	CAB_RS00755	WP_011096857.1	577	ABC transporter permease subunit
chr	NC_004552.2	153959	154486	-	-	-	CAB_RS00760	WP_006343810.1	175	methylated-DNA-
chr	NC_004552.2	154498	155469	-	-	-	CAB_RS00765	WP_011096858.1	323	toxin-antitoxin system YwqK family antitoxin
chr	NC_004552.2	155466	157850	-	-	-	CAB_RS00770	WP_011096859.1	794	phenylalanine--tRNA ligase subunit beta
chr	NC_004552.2	157958	159043	+	-	-	CAB_RS00775	WP_011096860.1	361	LysM peptidoglycan-binding domain-containing protein
chr	NC_004552.2	158967	159278	-	-	-	CAB_RS05105	WP_006343814.1	103	membrane protein insertion efficiency factor YidD
chr	NC_004552.2	159268	160062	-	-	-	CAB_RS00780	WP_006343815.1	264	MULTISPECIES: RMD1 family protein
chr	NC_004552.2	160344	160934	+	-	-	CAB_RS00790	WP_011096861.1	196	hypothetical protein
chr	NC_004552.2	160908	161633	-	-	-	CAB_RS00795	WP_011096862.1	241	DNA repair protein RecO
chr	NC_004552.2	161638	162222	-	-	-	CAB_RS00800	WP_011096863.1	194	membrane protein
chr	NC_004552.2	162167	162850	-	-	-	CAB_RS00805	WP_011096864.1	227	hypothetical protein
chr	NC_004552.2	163150	164310	-	-	-	CAB_RS00815	WP_006343820.1	386	sigma-54-dependent Fis family transcriptional regulator
chr	NC_004552.2	164494	167532	+	-	-	CAB_RS00820	WP_011096865.1	1012	membrane protein
chr	NC_004552.2	167548	168600	-	-	-	CAB_RS00825	WP_011096866.1	350	PAS domain-containing protein
chr	NC_004552.2	168581	168970	-	-	-	CAB_RS00830	WP_011096867.1	129	hypothetical protein
chr	NC_004552.2	169139	169804	-	-	-	CAB_RS00840	WP_011096868.1	221	hypothetical protein
chr	NC_004552.2	169965	170654	+	-	-	CAB_RS00845	WP_011096869.1	229	HAD family phosphatase
chr	NC_004552.2	170600	171406	-	-	-	CAB_RS00850	WP_011096870.1	268	tRNA pseudouridine(38-40) synthase TruA
chr	NC_004552.2	171403	172056	-	-	-	CAB_RS00855	WP_006343827.1	217	2-C-methyl-D-erythritol 4-phosphate cytidylyltransferase
chr	NC_004552.2	172031	173005	-	-	-	CAB_RS00860	WP_011096871.1	324	UDP-2,3-diacylglucosamine diphosphatase LpxG
chr	NC_004552.2	173077	173340	-	-	-	CAB_RS00865	WP_006342840.1	87	MULTISPECIES: SWIB/MDM2 domain protein
chr	NC_004552.2	174726	175238	+	-	-	CAB_RS00875	WP_006343830.1	170	GNAT family N-acetyltransferase
chr	NC_004552.2	175817	176533	+	-	-	CAB_RS00885	WP_006343832.1	238	YebC/PmpR family DNA-binding transcriptional regulator
chr	NC_004552.2	176574	179186	-	-	-	CAB_RS00890	WP_011096873.1	870	type III secretion system actin-recruiting effector Tarp
chr	NC_004552.2	179419	180753	+	-	-	CAB_RS00895	WP_011096874.1	444	UDP-N-acetylglucosamine 1-carboxyvinyltransferase
chr	NC_004552.2	180756	182444	-	-	-	CAB_RS00900	WP_011096875.1	562	arginine--tRNA ligase
chr	NC_004552.2	182445	183092	-	-	-	CAB_RS00905	WP_011096876.1	215	1-acyl-sn-glycerol-3-phosphate acyltransferase
chr	NC_004552.2	183089	183739	-	-	-	CAB_RS00910	WP_006343837.1	216	(d)CMP kinase
chr	NC_004552.2	183736	184656	-	-	-	CAB_RS00915	WP_011096877.1	306	phosphatidate cytidylyltransferase
chr	NC_004552.2	184659	185411	-	-	-	CAB_RS00920	WP_011096878.1	250	isoprenyl transferase
chr	NC_004552.2	185994	187106	+	-	-	CAB_RS00925	WP_011096879.1	370	hypothetical protein
chr	NC_004552.2	187355	191569	+	-	-	CAB_RS00930	WP_011096880.1	1404	protein translocase subunit SecDF
chr	NC_004552.2	191662	193434	+	-	-	CAB_RS00935	WP_011096881.1	590	single-stranded-DNA-specific exonuclease RecJ
chr	NC_004552.2	193885	195033	+	-	-	CAB_RS00940	WP_011096882.1	382	hypothetical protein
chr	NC_004552.2	195654	196196	+	-	-	CAB_RS00945	WP_011096883.1	180	DNA-binding protein
chr	NC_004552.2	196465	197982	+	-	-	CAB_RS00950	WP_011096884.1	505	glutamate--tRNA ligase
chr	NC_004552.2	198031	198219	-	-	-	CAB_RS00955	WP_041461309.1	62	hypothetical protein
chr	NC_004552.2	198658	198921	+	-	-	CAB_RS00960	WP_006343847.1	87	hypothetical protein
chr	NC_004552.2	199087	200760	+	-	-	CAB_RS00965	WP_011096885.1	557	DUF11 domain-containing protein
chr	NC_004552.2	200971	201453	+	-	-	CAB_RS00970	WP_011096886.1	160	cysteine-rich outer membrane protein
chr	NC_004552.2	201503	203458	-	-	-	CAB_RS00975	WP_011096887.1	651	carboxy terminal-processing peptidase
chr	NC_004552.2	203586	203864	-	-	-	CAB_RS00980	WP_006343851.1	92	hypothetical protein
chr	NC_004552.2	203965	204915	+	-	-	CAB_RS00985	WP_006343852.1	316	hypothetical protein
chr	NC_004552.2	205111	205482	+	-	-	CAB_RS00990	WP_006342868.1	123	MULTISPECIES: 30S ribosomal protein S12
chr	NC_004552.2	205526	205999	+	-	-	CAB_RS00995	WP_006343853.1	157	30S ribosomal protein S7
chr	NC_004552.2	206041	208125	+	-	-	CAB_RS01000	WP_011096888.1	694	elongation factor G
chr	NC_004552.2	208133	208450	+	-	-	CAB_RS01005	WP_006342871.1	105	MULTISPECIES: 30S ribosomal protein S10
chr	NC_004552.2	208468	209517	+	-	-	CAB_RS01010	WP_011096889.1	349	sulfite reductase flavoprotein subunit alpha
chr	NC_004552.2	209514	210044	-	-	-	CAB_RS01015	WP_006343857.1	176	2-C-methyl-D-erythritol 2,4-cyclodiphosphate synthase
chr	NC_004552.2	210325	210735	+	-	-	CAB_RS01020	WP_041461310.1	136	hypothetical protein
chr	NC_004552.2	211069	211389	+	-	-	CAB_RS01030	WP_006343859.1	106	50S ribosomal protein L21
chr	NC_004552.2	211420	211668	+	-	-	CAB_RS01035	WP_006342876.1	82	MULTISPECIES: 50S ribosomal protein L27
chr	NC_004552.2	211784	212791	+	-	-	CAB_RS01040	WP_011096890.1	335	GTPase ObgE
chr	NC_004552.2	212689	213582	-	-	-	CAB_RS05110	WP_011096891.1	297	metal ABC transporter permease
chr	NC_004552.2	213579	214298	-	-	-	CAB_RS01050	WP_011096892.1	239	metal ABC transporter ATP-binding protein
chr	NC_004552.2	214295	215131	-	-	-	CAB_RS01055	WP_006343863.1	278	metal ABC transporter substrate-binding protein
chr	NC_004552.2	215725	216363	+	-	-	CAB_RS01065	WP_006343864.1	212	thiamine phosphate synthase
chr	NC_004552.2	216357	217145	+	-	-	CAB_RS01070	WP_011096893.1	262	hydroxyethylthiazole kinase
chr	NC_004552.2	217265	222631	-	-	-	CAB_RS01075	WP_011096894.1	1788	autotransporter domain-containing protein
chr	NC_004552.2	222833	225634	-	-	-	CAB_RS01080	WP_011096895.1	933	autotransporter domain-containing protein
chr	NC_004552.2	225855	226157	-	-	-	CAB_RS01085	WP_006343868.1	100	YtxH domain-containing protein
chr	NC_004552.2	226182	226535	-	-	-	CAB_RS01090	WP_011096896.1	117	hypothetical protein
chr	NC_004552.2	226736	228085	-	-	-	CAB_RS01095	WP_011096897.1	449	amino acid carrier protein
chr	NC_004552.2	228151	228648	-	-	-	CAB_RS01100	WP_011096898.1	165	lipoprotein signal peptidase
chr	NC_004552.2	228654	229028	-	-	-	CAB_RS01105	WP_006342889.1	124	MULTISPECIES: RNA polymerase-binding transcription factor
chr	NC_004552.2	229059	229517	-	-	-	CAB_RS01110	WP_006342890.1	152	MULTISPECIES: transcriptional regulator NrdR
chr	NC_004552.2	229735	230328	+	-	-	CAB_RS01115	WP_011096899.1	197	riboflavin synthase
chr	NC_004552.2	230341	231165	+	-	-	CAB_RS01120	WP_011096900.1	274	class I SAM-dependent rRNA methyltransferase
chr	NC_004552.2	231153	231950	+	-	-	CAB_RS01125	WP_011096901.1	265	RNA methyltransferase
chr	NC_004552.2	232181	233302	+	-	-	CAB_RS01130	WP_011096902.1	373	tetraacyldisaccharide 4\'-kinase
chr	NC_004552.2	233306	234556	+	-	-	CAB_RS01135	WP_011096903.1	416	dicarboxylate/amino acid:cation symporter
chr	NC_004552.2	234569	235738	+	-	-	CAB_RS01140	WP_011096904.1	389	2-oxo acid dehydrogenase subunit E2
chr	NC_004552.2	235769	236758	+	-	-	CAB_RS01145	WP_011096905.1	329	KpsF/GutQ family sugar-phosphate isomerase
chr	NC_004552.2	237176	237940	-	-	-	CAB_RS01150	WP_011096906.1	254	hypothetical protein
chr	NC_004552.2	239539	239880	-	-	-	CAB_RS01160	WP_011096908.1	113	hypothetical protein
chr	NC_004552.2	239947	240612	-	-	-	CAB_RS01165	WP_011096909.1	221	uroporphyrinogen-III synthase
chr	NC_004552.2	240926	242419	+	-	-	CAB_RS01170	WP_011096910.1	497	serine hydroxymethyltransferase
chr	NC_004552.2	242439	243017	+	-	-	CAB_RS01175	WP_006343884.1	192	MULTISPECIES: ATP-dependent Clp protease proteolytic subunit
chr	NC_004552.2	242986	243768	+	-	-	CAB_RS01180	WP_011096911.1	260	diaminopimelate epimerase
chr	NC_004552.2	243900	244892	+	-	-	CAB_RS01185	WP_006343886.1	330	UPF0158 family protein
chr	NC_004552.2	244897	245589	-	-	-	CAB_RS01190	WP_011096912.1	230	bifunctional demethylmenaquinone methyltransferase/2-methoxy-6-polyprenyl-1,4-benzoquinol methylase UbiE
chr	NC_004552.2	245570	246346	-	-	-	CAB_RS01195	WP_011096913.1	258	hypothetical protein
chr	NC_004552.2	246319	247431	-	-	-	CAB_RS01200	WP_011096914.1	370	CofH family radical SAM protein
chr	NC_004552.2	247400	247618	-	-	-	CAB_RS05115	WP_006343890.1	72	hypothetical protein
chr	NC_004552.2	247651	249513	-	-	-	CAB_RS01205	WP_011096915.1	620	DUF3604 domain-containing protein
chr	NC_004552.2	249580	249930	-	-	-	CAB_RS01210	WP_041461313.1	116	STAS domain-containing protein
chr	NC_004552.2	250046	251170	-	-	-	CAB_RS01215	WP_011096917.1	374	HlyC/CorC family transporter
chr	NC_004552.2	251172	251648	-	-	-	CAB_RS01220	WP_011096918.1	158	rRNA maturation RNase YbeY
chr	NC_004552.2	251667	251828	-	-	-	CAB_RS05120	WP_011096919.1	53	small basic protein
chr	NC_004552.2	251846	252007	-	-	-	CAB_RS05125	WP_011096920.1	53	hypothetical protein
chr	NC_004552.2	252146	252790	-	-	-	CAB_RS01225	WP_011096921.1	214	DUF502 domain-containing protein
chr	NC_004552.2	252971	253543	-	-	-	CAB_RS01230	WP_006343897.1	190	DNA-3-methyladenine glycosylase
chr	NC_004552.2	253543	255591	-	-	-	CAB_RS01235	WP_011096922.1	682	VacB/RNase II family 3\'-5\' exoribonuclease
chr	NC_004552.2	255745	257724	-	-	-	CAB_RS01240	WP_011096923.1	659	molecular chaperone DnaK
chr	NC_004552.2	257750	258325	-	-	-	CAB_RS01245	WP_011096924.1	191	nucleotide exchange factor GrpE
chr	NC_004552.2	258322	259482	-	-	-	CAB_RS01250	WP_011096925.1	386	heat-inducible transcriptional repressor HrcA
chr	NC_004552.2	259591	261324	-	-	-	CAB_RS01255	WP_011096926.1	577	proline--tRNA ligase
chr	NC_004552.2	261590	262786	+	-	-	CAB_RS01260	WP_011096927.1	398	hypothetical protein
chr	NC_004552.2	262893	263837	+	-	-	CAB_RS01265	WP_011096928.1	314	hypothetical protein
chr	NC_004552.2	263842	264132	+	-	-	CAB_RS01270	WP_011096929.1	96	DUF167 domain-containing protein
chr	NC_004552.2	264117	265160	-	-	-	CAB_RS01275	WP_011096930.1	347	ABC transporter substrate-binding protein
chr	NC_004552.2	265157	266353	-	-	-	CAB_RS01280	WP_011096931.1	398	LL-diaminopimelate aminotransferase
chr	NC_004552.2	266618	267382	+	-	-	CAB_RS01285	WP_011096932.1	254	hypothetical protein
chr	NC_004552.2	267808	269052	+	-	-	CAB_RS01290	WP_006343909.1	414	DUF1207 domain-containing protein
chr	NC_004552.2	269053	271137	-	-	-	CAB_RS01295	WP_011096933.1	694	LOG family protein
chr	NC_004552.2	271130	271312	-	-	-	CAB_RS05130	WP_014944168.1	60	MULTISPECIES: hypothetical protein
chr	NC_004552.2	271285	272154	+	-	-	CAB_RS01300	WP_011096934.1	289	hypothetical protein
chr	NC_004552.2	272151	272483	+	-	-	CAB_RS01305	WP_006343912.1	110	histidine triad nucleotide-binding protein
chr	NC_004552.2	272528	274144	+	-	-	CAB_RS01310	WP_011096935.1	538	HEAT repeat domain-containing protein
chr	NC_004552.2	274747	276081	+	-	-	CAB_RS01320	WP_011096936.1	444	sodium:solute symporter family protein
chr	NC_004552.2	276170	276370	-	-	-	CAB_RS01325	WP_011096937.1	66	hypothetical protein
chr	NC_004552.2	276588	277430	-	-	-	CAB_RS01330	WP_035395266.1	280	3-deoxy-7-phosphoheptulonate synthase
chr	NC_004552.2	277449	280766	-	-	-	CAB_RS01335	WP_011096938.1	1105	membrane protein
chr	NC_004552.2	280899	281663	+	-	-	CAB_RS01340	WP_006343918.1	254	ABC transporter substrate-binding protein
chr	NC_004552.2	281846	282508	+	-	-	CAB_RS01345	WP_045071775.1	220	hypothetical protein
chr	NC_004552.2	282595	283416	+	-	-	CAB_RS01350	WP_006343920.1	273	MBL fold metallo-hydrolase
chr	NC_004552.2	283420	284808	+	-	-	CAB_RS01355	WP_006343921.1	462	GTPase HflX
chr	NC_004552.2	284918	286183	+	-	-	CAB_RS01360	WP_011096940.1	421	tRNA (N(6)-L-threonylcarbamoyladenosine(37)-C(2))-methylthiotransferase MtaB
chr	NC_004552.2	286180	287178	+	-	-	CAB_RS01365	WP_011096941.1	332	hypothetical protein
chr	NC_004552.2	287191	289356	+	-	-	CAB_RS01370	WP_011096942.1	721	1,4-alpha-glucan branching protein GlgB
chr	NC_004552.2	289494	291275	+	-	-	CAB_RS01375	WP_011096943.1	593	hypothetical protein
chr	NC_004552.2	291461	293500	+	-	-	CAB_RS01380	WP_011096944.1	679	hypothetical protein
chr	NC_004552.2	293548	296514	-	-	-	CAB_RS01385	WP_011096945.1	988	autotransporter domain-containing protein
chr	NC_004552.2	296536	299397	-	-	-	CAB_RS01390	WP_011096946.1	953	autotransporter domain-containing protein
chr	NC_004552.2	299664	300743	-	-	-	CAB_RS01395	WP_011096947.1	359	autotransporter outer membrane beta-barrel domain-containing protein
chr	NC_004552.2	301197	304139	-	-	-	CAB_RS01400	WP_011096948.1	980	autotransporter domain-containing protein
chr	NC_004552.2	304165	307239	-	-	-	CAB_RS01405	WP_011096949.1	1024	autotransporter domain-containing protein
chr	NC_004552.2	307360	307542	-	-	-	CAB_RS01410	WP_035395270.1	60	hypothetical protein
chr	NC_004552.2	313284	315806	-	-	-	CAB_RS01440	WP_011096950.1	840	autotransporter domain-containing protein
chr	NC_004552.2	315962	318511	-	-	-	CAB_RS01445	WP_011096951.1	849	autotransporter domain-containing protein
chr	NC_004552.2	321502	324045	-	-	-	CAB_RS01455	WP_011096952.1	847	autotransporter domain-containing protein
chr	NC_004552.2	324168	326948	-	-	-	CAB_RS01460	WP_011096953.1	926	autotransporter domain-containing protein
chr	NC_004552.2	327092	331228	-	-	-	CAB_RS01465	WP_011096954.1	1378	autotransporter domain-containing protein
chr	NC_004552.2	331423	331698	-	-	-	CAB_RS01470	WP_011096955.1	91	DUF378 domain-containing protein
chr	NC_004552.2	331899	332201	+	-	-	CAB_RS01475	WP_011096956.1	100	Asp-tRNA(Asn)/Glu-tRNA(Gln) amidotransferase subunit GatC
chr	NC_004552.2	332223	333698	+	-	-	CAB_RS01480	WP_011096957.1	491	Asp-tRNA(Asn)/Glu-tRNA(Gln) amidotransferase GatCAB subunit A
chr	NC_004552.2	333698	335161	+	-	-	CAB_RS01485	WP_011096958.1	487	Asp-tRNA(Asn)/Glu-tRNA(Gln) amidotransferase subunit GatB
chr	NC_004552.2	335282	336508	-	-	-	CAB_RS01490	WP_011096959.1	408	membrane protein
chr	NC_004552.2	336681	337244	-	-	-	CAB_RS01495	WP_006343941.1	187	hypothetical protein
chr	NC_004552.2	337405	338355	-	-	-	CAB_RS01500	WP_011096960.1	316	hypothetical protein
chr	NC_004552.2	338573	339475	-	-	-	CAB_RS01505	WP_006343943.1	300	ribonuclease HIII
chr	NC_004552.2	339749	340180	+	-	-	CAB_RS01510	WP_006343944.1	143	MULTISPECIES: helix-turn-helix domain-containing protein
chr	NC_004552.2	340250	341560	-	-	-	CAB_RS01515	WP_041461317.1	436	hypothetical protein
chr	NC_004552.2	341877	343205	-	-	-	CAB_RS01520	WP_011096962.1	442	hypothetical protein
chr	NC_004552.2	343334	343534	-	-	-	CAB_RS01525	WP_045071802.1	66	hypothetical protein
chr	NC_004552.2	343521	343745	-	-	-	CAB_RS05145	WP_006343946.1	74	hypothetical protein
chr	NC_004552.2	343873	344730	+	-	-	CAB_RS01535	WP_041461319.1	285	DUF2608 domain-containing protein
chr	NC_004552.2	344865	345734	+	-	-	CAB_RS01540	WP_011096964.1	289	DUF2608 domain-containing protein
chr	NC_004552.2	346225	348327	+	-	-	CAB_RS01550	WP_011096965.1	700	thioredoxin domain-containing protein
chr	NC_004552.2	348439	349524	+	-	-	CAB_RS01555	WP_011096966.1	361	hypothetical protein
chr	NC_004552.2	349533	350369	+	-	-	CAB_RS01560	WP_011096967.1	278	16S rRNA (adenine(1518)-N(6)/adenine(1519)-N(6))-dimethyltransferase RsmA
chr	NC_004552.2	350828	352762	-	-	-	CAB_RS01570	WP_011096968.1	644	1-deoxy-D-xylulose-5-phosphate synthase
chr	NC_004552.2	352759	353013	-	-	-	CAB_RS01575	WP_011096969.1	84	hypothetical protein
chr	NC_004552.2	353028	353255	-	-	-	CAB_RS01580	WP_011096970.1	75	exodeoxyribonuclease VII small subunit
chr	NC_004552.2	353259	354926	-	-	-	CAB_RS01585	WP_011096971.1	555	exodeoxyribonuclease VII large subunit
chr	NC_004552.2	355057	355821	+	-	-	CAB_RS01590	WP_006343954.1	254	triose-phosphate isomerase
chr	NC_004552.2	356095	356409	+	-	-	CAB_RS01595	WP_006343955.1	104	MULTISPECIES: preprotein translocase subunit SecG
chr	NC_004552.2	356666	357220	+	-	-	CAB_RS01600	WP_011096972.1	184	peptide deformylase
chr	NC_004552.2	357297	359393	-	-	-	CAB_RS01605	WP_011096973.1	698	hypothetical protein
chr	NC_004552.2	359404	361110	-	-	-	CAB_RS01610	WP_011096974.1	568	HEAT repeat domain-containing protein
chr	NC_004552.2	361092	361682	-	-	-	CAB_RS01615	WP_011096975.1	196	septum formation protein Maf
chr	NC_004552.2	361724	363313	-	-	-	CAB_RS01620	WP_041461354.1	529	ABC transporter ATP-binding protein
chr	NC_004552.2	363366	364304	-	-	-	CAB_RS01625	WP_011096977.1	312	tyrosine recombinase XerC
chr	NC_004552.2	364349	365269	-	-	-	CAB_RS01630	WP_011096978.1	306	ribonuclease Z
chr	NC_004552.2	365372	366043	-	-	-	CAB_RS01635	WP_011096979.1	223	hypothetical protein
chr	NC_004552.2	366183	368639	-	-	-	CAB_RS01640	WP_011096980.1	818	endopeptidase La
chr	NC_004552.2	369284	369925	+	-	-	CAB_RS01645	WP_011096981.1	213	tRNA threonylcarbamoyladenosine biosynthesis protein TsaB
chr	NC_004552.2	370125	370301	+	-	-	CAB_RS01650	WP_006343002.1	58	MULTISPECIES: 30S ribosomal protein S21
chr	NC_004552.2	370331	371506	+	-	-	CAB_RS01655	WP_011096982.1	391	molecular chaperone DnaJ
chr	NC_004552.2	371541	373577	+	-	-	CAB_RS01660	WP_011096983.1	678	MFS transporter
chr	NC_004552.2	376116	376907	+	-	-	CAB_RS01675	WP_011096985.1	263	hypothetical protein
chr	NC_004552.2	376900	377241	+	-	-	CAB_RS01680	WP_006343971.1	113	HPr family phosphocarrier protein
chr	NC_004552.2	377242	378942	+	-	-	CAB_RS01685	WP_006343972.1	566	phosphoenolpyruvate--protein phosphotransferase
chr	NC_004552.2	378939	379229	-	-	-	CAB_RS01690	WP_011096986.1	96	YbaB/EbfC family nucleoid-associated protein
chr	NC_004552.2	379234	380565	-	-	-	CAB_RS01695	WP_011096987.1	443	DNA polymerase III subunit gamma/tau
chr	NC_004552.2	381064	383160	+	-	-	CAB_RS01700	WP_011096988.1	698	HDIG domain-containing protein
chr	NC_004552.2	383143	383634	-	-	-	CAB_RS01705	WP_011096989.1	163	hypothetical protein
chr	NC_004552.2	383995	384426	-	-	-	CAB_RS01710	WP_011096990.1	143	hypothetical protein
chr	NC_004552.2	384587	384988	-	-	-	CAB_RS01715	WP_011096991.1	133	hypothetical protein
chr	NC_004552.2	385073	385822	-	-	-	CAB_RS01720	WP_011096992.1	249	hydroxymethylbilane synthase
chr	NC_004552.2	385800	387161	-	-	-	CAB_RS01725	WP_041461321.1	453	DNA repair protein RadA
chr	NC_004552.2	387127	387840	-	-	-	CAB_RS01730	WP_006343981.1	237	ribonuclease III
chr	NC_004552.2	387960	388424	+	-	-	CAB_RS01735	WP_011096994.1	154	DUF5070 domain-containing protein
chr	NC_004552.2	388519	390324	+	-	-	CAB_RS01740	WP_011096995.1	601	phospho-sugar mutase
chr	NC_004552.2	390444	391067	+	-	-	CAB_RS01745	WP_011096996.1	207	superoxide dismutase
chr	NC_004552.2	391148	392074	+	-	-	CAB_RS01750	WP_011096997.1	308	acetyl-CoA carboxylase carboxyltransferase subunit beta
chr	NC_004552.2	392117	392560	+	-	-	CAB_RS01755	WP_006343986.1	147	dUTP diphosphatase
chr	NC_004552.2	392562	393038	+	-	-	CAB_RS01760	WP_011096998.1	158	PTS sugar transporter subunit IIA
chr	NC_004552.2	393043	393723	+	-	-	CAB_RS01765	WP_011096999.1	226	helix-turn-helix domain-containing protein
chr	NC_004552.2	393822	395228	+	-	-	CAB_RS01770	WP_011097000.1	468	hypothetical protein
chr	NC_004552.2	395408	397138	+	-	-	CAB_RS01775	WP_011097001.1	576	membrane protein
chr	NC_004552.2	397162	397761	-	-	-	CAB_RS01780	WP_041461322.1	199	hypothetical protein
chr	NC_004552.2	397773	398390	-	-	-	CAB_RS01785	WP_011097003.1	205	hypothetical protein
chr	NC_004552.2	398427	399515	+	-	-	CAB_RS01790	WP_011097004.1	362	tRNA 2-thiouridine(34) synthase MnmA
chr	NC_004552.2	399493	402030	-	-	-	CAB_RS01795	WP_006343994.1	845	ATP-dependent Clp protease ATP-binding subunit
chr	NC_004552.2	402198	402932	+	-	-	CAB_RS01800	WP_011097005.1	244	hypothetical protein
chr	NC_004552.2	402923	404353	+	-	-	CAB_RS01805	WP_006343996.1	476	phosphatidylserine/phosphatidylglycerophosphate/cardiolipin synthase family protein
chr	NC_004552.2	404474	406546	+	-	-	CAB_RS01810	WP_011097006.1	690	hypothetical protein
chr	NC_004552.2	406546	406887	+	-	-	CAB_RS01815	WP_006343998.1	113	glycine cleavage protein H-like protein
chr	NC_004552.2	407009	407323	+	-	-	CAB_RS01820	WP_011097007.1	104	hypothetical protein
chr	NC_004552.2	407313	407645	+	-	-	CAB_RS01825	WP_011097008.1	110	hypothetical protein
chr	NC_004552.2	407646	408440	-	-	-	CAB_RS01830	WP_011097009.1	264	NADH:ubiquinone reductase (Na(+)-transporting) subunit E
chr	NC_004552.2	408445	409086	-	-	-	CAB_RS01835	WP_011097010.1	213	NADH:ubiquinone reductase (Na(+)-transporting) subunit D
chr	NC_004552.2	409073	410035	-	-	-	CAB_RS01840	WP_011097011.1	320	Na(+)-translocating NADH-quinone reductase subunit C
chr	NC_004552.2	410039	411550	-	-	-	CAB_RS01845	WP_011097012.1	503	Na(+)-transporting NADH-quinone reductase subunit B
chr	NC_004552.2	412191	412784	-	-	-	CAB_RS01855	WP_011097013.1	197	polymer-forming cytoskeletal family protein
chr	NC_004552.2	412801	414153	-	-	-	CAB_RS01860	WP_006344007.1	450	chromosomal replication initiator protein DnaA
chr	NC_004552.2	414346	414777	-	-	-	CAB_RS01865	WP_006344008.1	143	hypothetical protein
chr	NC_004552.2	414781	415326	-	-	-	CAB_RS01870	WP_011097014.1	181	hypothetical protein
chr	NC_004552.2	415500	416396	+	-	-	CAB_RS01875	WP_011097015.1	298	16S rRNA (cytosine(1402)-N(4))-methyltransferase RsmH
chr	NC_004552.2	416393	416680	+	-	-	CAB_RS01880	WP_011097016.1	95	hypothetical protein
chr	NC_004552.2	416667	418616	+	-	-	CAB_RS01885	WP_011097017.1	649	penicillin-binding protein 2
chr	NC_004552.2	419373	420824	+	-	-	CAB_RS01895	WP_011097018.1	483	UDP-N-acetylmuramoyl-L-alanyl-D-glutamate--2,6-diaminopimelate ligase
chr	NC_004552.2	420817	421536	+	-	-	CAB_RS01900	WP_011097019.1	239	N-acetylmuramoyl-L-alanine amidase
chr	NC_004552.2	421924	422226	+	-	-	CAB_RS01910	WP_006344016.1	100	MULTISPECIES: HU family DNA-binding protein
chr	NC_004552.2	422359	423537	+	-	-	CAB_RS01915	WP_041461356.1	392	hypothetical protein
chr	NC_004552.2	423642	424616	+	-	-	CAB_RS01920	WP_011097021.1	324	acetyl-CoA carboxylase carboxyltransferase subunit alpha
chr	NC_004552.2	424582	426549	+	-	-	CAB_RS01925	WP_011097022.1	655	ABC transporter ATP-binding protein
chr	NC_004552.2	426563	427213	-	-	-	CAB_RS01930	WP_011097023.1	216	hypothetical protein
chr	NC_004552.2	427194	427967	-	-	-	CAB_RS01935	WP_011097024.1	257	hypothetical protein
chr	NC_004552.2	427964	428650	-	-	-	CAB_RS01940	WP_006344022.1	228	DNA polymerase III subunit epsilon
chr	NC_004552.2	428666	429139	-	-	-	CAB_RS01945	WP_006344023.1	157	hypothetical protein
chr	NC_004552.2	429171	429677	-	-	-	CAB_RS01950	WP_011097025.1	168	membrane protein
chr	NC_004552.2	430029	430916	+	-	-	CAB_RS01955	WP_011097026.1	295	HAD family phosphatase
chr	NC_004552.2	430903	431802	-	-	-	CAB_RS01960	WP_006344026.1	299	enoyl
chr	NC_004552.2	432069	434267	+	-	-	CAB_RS01965	WP_011097027.1	732	hypothetical protein
chr	NC_004552.2	436706	437530	-	-	-	CAB_RS01975	WP_006344028.1	274	RluA family pseudouridine synthase
chr	NC_004552.2	437579	438688	+	-	-	CAB_RS01980	WP_006344029.1	369	A/G-specific adenine glycosylase
chr	NC_004552.2	438685	439080	+	-	-	CAB_RS01985	WP_011097028.1	131	nucleotide pyrophosphohydrolase
chr	NC_004552.2	439261	440040	-	-	-	CAB_RS01990	WP_011097029.1	259	CPBP family intramembrane metalloprotease
chr	NC_004552.2	440044	440688	-	-	-	CAB_RS01995	WP_035395288.1	214	hypothetical protein
chr	NC_004552.2	442479	443471	-	-	-	CAB_RS02010	WP_041461357.1	330	hypothetical protein
chr	NC_004552.2	443928	444677	+	-	-	CAB_RS02015	WP_006344035.1	249	serine/threonine-protein phosphatase
chr	NC_004552.2	444701	445816	+	-	-	CAB_RS02020	WP_011097031.1	371	cysteine desulfurase
chr	NC_004552.2	445820	447034	-	-	-	CAB_RS02025	WP_011097032.1	404	HlyC/CorC family transporter
chr	NC_004552.2	447027	448262	-	-	-	CAB_RS02030	WP_011097033.1	411	HlyC/CorC family transporter
chr	NC_004552.2	448272	448601	-	-	-	CAB_RS02035	WP_011097034.1	109	membrane protein
chr	NC_004552.2	448611	449183	-	-	-	CAB_RS02040	WP_011097035.1	190	deoxycytidine triphosphate deaminase
chr	NC_004552.2	449788	450801	+	-	-	CAB_RS02045	WP_011097036.1	337	Holliday junction branch migration DNA helicase RuvB
chr	NC_004552.2	450798	451613	+	-	-	CAB_RS02050	WP_006344042.1	271	hypothetical protein
chr	NC_004552.2	451610	453601	-	-	-	CAB_RS02055	WP_011097037.1	663	glycogen-debranching protein
chr	NC_004552.2	453733	454233	+	-	-	CAB_RS02060	WP_006344044.1	166	type III secretion chaperone Slc1
chr	NC_004552.2	454883	455362	+	-	-	CAB_RS02065	WP_006344045.1	159	single-stranded DNA-binding protein
chr	NC_004552.2	455400	456902	+	-	-	CAB_RS02070	WP_011097039.1	500	leucyl aminopeptidase
chr	NC_004552.2	457044	457508	+	-	-	CAB_RS02075	WP_006344047.1	154	histone
chr	NC_004552.2	457674	458609	+	-	-	CAB_RS02080	WP_006344048.1	311	hypothetical protein
chr	NC_004552.2	458606	459316	+	-	-	CAB_RS02085	WP_011097040.1	236	SAM-dependent methyltransferase
chr	NC_004552.2	459372	459854	-	-	-	CAB_RS02090	WP_011097041.1	160	hypothetical protein
chr	NC_004552.2	459997	461358	+	-	-	CAB_RS02095	WP_011097042.1	453	hypothetical protein
chr	NC_004552.2	461409	462794	-	-	-	CAB_RS02100	WP_011097043.1	461	hypothetical protein
chr	NC_004552.2	462861	463982	-	-	-	CAB_RS02105	WP_006344053.1	373	radical SAM family heme chaperone HemW
chr	NC_004552.2	463972	464418	-	-	-	CAB_RS02110	WP_011097044.1	148	hypothetical protein
chr	NC_004552.2	464573	467299	+	-	-	CAB_RS02115	WP_011097045.1	908	2-oxoglutarate dehydrogenase E1 component
chr	NC_004552.2	467296	468393	+	-	-	CAB_RS02120	WP_011097046.1	365	dihydrolipoyllysine-residue succinyltransferase
chr	NC_004552.2	468404	469147	-	-	-	CAB_RS02125	WP_011097047.1	247	peptidoglycan editing factor PgeF
chr	NC_004552.2	469161	470981	-	-	-	CAB_RS02130	WP_011097048.1	606	4-hydroxy-3-methylbut-2-en-1-yl diphosphate synthase (flavodoxin)
chr	NC_004552.2	471068	471292	+	-	-	CAB_RS02135	WP_041461325.1	74	hypothetical protein
chr	NC_004552.2	471289	472470	-	-	-	CAB_RS02140	WP_011097049.1	393	membrane protein
chr	NC_004552.2	472566	473588	-	-	-	CAB_RS02145	WP_011097050.1	340	macro domain-containing protein
chr	NC_004552.2	473961	475139	-	-	-	CAB_RS02150	WP_011097051.1	392	ATPase
chr	NC_004552.2	475329	475604	-	-	-	CAB_RS02155	WP_006344062.1	91	(2Fe-2S)-binding protein
chr	NC_004552.2	475882	477639	+	-	-	CAB_RS02165	WP_011097052.1	585	type III secretion system protein
chr	NC_004552.2	477744	478517	+	-	-	CAB_RS02170	WP_006344064.1	257	FliA/WhiG family RNA polymerase sigma factor
chr	NC_004552.2	478514	478807	-	-	-	CAB_RS02175	WP_011097053.1	97	hypothetical protein
chr	NC_004552.2	478968	480206	+	-	-	CAB_RS02180	WP_011097054.1	412	tyrosine--tRNA ligase
chr	NC_004552.2	480220	481674	+	-	-	CAB_RS02185	WP_011097055.1	484	decarboxylating NADP(+)-dependent phosphogluconate dehydrogenase
chr	NC_004552.2	481865	483673	-	-	-	CAB_RS02190	WP_011097056.1	602	elongation factor 4
chr	NC_004552.2	483905	485212	+	-	-	CAB_RS02195	WP_011097057.1	435	DUF1389 domain-containing protein
chr	NC_004552.2	485295	486893	-	-	-	CAB_RS02200	WP_011097058.1	532	NTP/NDP exchange transporter Npt1
chr	NC_004552.2	487114	487617	-	-	-	CAB_RS02205	WP_041461327.1	167	hypothetical protein
chr	NC_004552.2	488113	489078	+	-	-	CAB_RS02210	WP_011097060.1	321	hypothetical protein
chr	NC_004552.2	489075	489854	+	-	-	CAB_RS02215	WP_011097061.1	259	metal ABC transporter ATP-binding protein
chr	NC_004552.2	489855	491204	+	-	-	CAB_RS02220	WP_011097062.1	449	iron ABC transporter
chr	NC_004552.2	491201	492184	+	-	-	CAB_RS02225	WP_006344073.1	327	metal ABC transporter permease
chr	NC_004552.2	492224	493363	+	-	-	CAB_RS02230	WP_011097063.1	379	1-deoxy-D-xylulose-5-phosphate reductoisomerase
chr	NC_004552.2	493376	495244	+	-	-	CAB_RS02235	WP_006344075.1	622	zinc metalloprotease
chr	NC_004552.2	495195	496175	-	-	-	CAB_RS02240	WP_041461328.1	326	alpha/beta hydrolase
chr	NC_004552.2	496287	497390	-	-	-	CAB_RS02245	WP_011097065.1	367	DNA replication/repair protein RecF
chr	NC_004552.2	497390	498490	-	-	-	CAB_RS02250	WP_011097066.1	366	DNA polymerase III subunit beta
chr	NC_004552.2	498730	499182	+	-	-	CAB_RS02255	WP_011097067.1	150	SsrA-binding protein
chr	NC_004552.2	499163	500107	-	-	-	CAB_RS02260	WP_006344079.1	314	FAD:protein FMN transferase
chr	NC_004552.2	500077	500940	-	-	-	CAB_RS02265	WP_011097068.1	287	bifunctional 5,10-methylene-tetrahydrofolate dehydrogenase/5,10-methylene-tetrahydrofolate cyclohydrolase
chr	NC_004552.2	500931	501446	-	-	-	CAB_RS05175	WP_011097069.1	171	membrane protein
chr	NC_004552.2	501657	501947	+	-	-	CAB_RS02270	WP_006344082.1	96	hypothetical protein
chr	NC_004552.2	502309	504048	+	-	-	CAB_RS02275	WP_011097070.1	579	hypothetical protein
chr	NC_004552.2	504050	504511	+	-	-	CAB_RS02280	WP_011097071.1	153	hypothetical protein
chr	NC_004552.2	504508	505566	-	-	-	CAB_RS02285	WP_011097072.1	352	phospholipase
chr	NC_004552.2	505672	507417	-	-	-	CAB_RS02290	WP_011097073.1	581	menaquinone biosynthesis decarboxylase
chr	NC_004552.2	507443	507712	-	-	-	CAB_RS02295	WP_011097074.1	89	50S ribosomal protein L28
chr	NC_004552.2	507885	509477	-	-	-	CAB_RS02300	WP_011097075.1	530	4-alpha-glucanotransferase
chr	NC_004552.2	509515	509955	-	-	-	CAB_RS02305	WP_011097076.1	146	type III secretion protein
chr	NC_004552.2	509971	511167	-	-	-	CAB_RS02310	WP_011097077.1	398	YopN family type III secretion system gatekeeper subunit
chr	NC_004552.2	511192	513321	-	-	-	CAB_RS02315	WP_011097078.1	709	EscV/YscV/HrcV family type III secretion system export apparatus protein
chr	NC_004552.2	513321	514403	-	-	-	CAB_RS02320	WP_011097079.1	360	EscU/YscU/HrcU family type III secretion system export apparatus switch protein
chr	NC_004552.2	514765	515859	+	-	-	CAB_RS02325	WP_011097080.1	364	redox-regulated ATPase YchF
chr	NC_004552.2	515837	516751	-	-	-	CAB_RS02330	WP_011097081.1	304	bifunctional riboflavin kinase/FAD synthetase
chr	NC_004552.2	516735	517442	-	-	-	CAB_RS02335	WP_006344093.1	235	tRNA pseudouridine(55) synthase TruB
chr	NC_004552.2	517483	517845	-	-	-	CAB_RS02340	WP_006344094.1	120	30S ribosome-binding factor RbfA
chr	NC_004552.2	517852	520509	-	-	-	CAB_RS02345	WP_072667847.1	885	translation initiation factor IF-2
chr	NC_004552.2	520466	521770	-	-	-	CAB_RS02350	WP_011097083.1	434	transcription termination/antitermination protein NusA
chr	NC_004552.2	521861	523606	-	-	-	CAB_RS02355	WP_011097084.1	581	30S ribosomal protein S1
chr	NC_004552.2	523775	524710	+	-	-	CAB_RS02360	WP_011097085.1	311	thioredoxin-disulfide reductase
chr	NC_004552.2	524702	525070	-	-	-	CAB_RS02365	WP_011097086.1	122	holo-ACP synthase
chr	NC_004552.2	525086	525532	-	-	-	CAB_RS02370	WP_011097087.1	148	hypothetical protein
chr	NC_004552.2	525603	526493	+	-	-	CAB_RS02375	WP_011097088.1	296	prolipoprotein diacylglyceryl transferase
chr	NC_004552.2	526589	528973	+	-	-	CAB_RS02380	WP_011097089.1	794	membrane protein insertase YidC
chr	NC_004552.2	529040	530422	+	-	-	CAB_RS02385	WP_011097090.1	460	chromosomal replication initiator protein DnaA
chr	NC_004552.2	530424	530780	-	-	-	CAB_RS02390	WP_011097091.1	118	hypothetical protein
chr	NC_004552.2	530995	533493	+	-	-	CAB_RS02395	WP_011097092.1	832	glycogen/starch/alpha-glucan phosphorylase
chr	NC_004552.2	533565	534854	-	-	-	CAB_RS02400	WP_011097093.1	429	pyruvate dehydrogenase complex dihydrolipoamide acetyltransferase
chr	NC_004552.2	534859	535845	-	-	-	CAB_RS02405	WP_011097094.1	328	alpha-ketoacid dehydrogenase subunit beta
chr	NC_004552.2	535838	536863	-	-	-	CAB_RS02410	WP_011097095.1	341	pyruvate dehydrogenase
chr	NC_004552.2	537028	538059	+	-	-	CAB_RS02415	WP_006344109.1	343	hypothetical protein
chr	NC_004552.2	538065	539144	-	-	-	CAB_RS02420	WP_011097096.1	359	UDP-3-O-(3-hydroxymyristoyl)glucosamine N-acyltransferase
chr	NC_004552.2	539172	539711	-	-	-	CAB_RS02425	WP_006344111.1	179	OmpH family outer membrane protein
chr	NC_004552.2	539818	542190	-	-	-	CAB_RS02430	WP_011097097.1	790	outer membrane protein assembly factor BamA
chr	NC_004552.2	542362	542964	-	-	-	CAB_RS02435	WP_011097098.1	200	recombination protein RecR
chr	NC_004552.2	543078	544091	+	-	-	CAB_RS02440	WP_011097099.1	337	ketoacyl-ACP synthase III
chr	NC_004552.2	544092	545018	+	-	-	CAB_RS02445	WP_011097100.1	308	[acyl-carrier-protein] S-malonyltransferase [Chlamydia abortus]
chr	NC_004552.2	545023	545769	+	-	-	CAB_RS02450	WP_006344116.1	248	3-oxoacyl-ACP reductase FabG
chr	NC_004552.2	545881	546117	+	-	-	CAB_RS02455	WP_006344117.1	78	acyl carrier protein
chr	NC_004552.2	546253	546672	-	-	-	CAB_RS02460	WP_035395300.1	139	cyclic nucleotide-binding domain-containing protein
chr	NC_004552.2	546687	549464	-	-	-	CAB_RS02465	WP_011097101.1	925	membrane protein
chr	NC_004552.2	549568	550122	-	-	-	CAB_RS02470	WP_011097102.1	184	hypothetical protein
chr	NC_004552.2	550159	550767	-	-	-	CAB_RS02475	WP_011097103.1	202	hypothetical protein
chr	NC_004552.2	550853	552334	-	-	-	CAB_RS02480	WP_006344122.1	493	sodium-dependent transporter
chr	NC_004552.2	552340	553560	-	-	-	CAB_RS02485	WP_011097104.1	406	dicarboxylate/amino acid:cation symporter
chr	NC_004552.2	553665	554843	+	-	-	CAB_RS02490	WP_011097105.1	392	hypothetical protein
chr	NC_004552.2	555105	557237	+	-	-	CAB_RS02495	WP_011097106.1	710	hypothetical protein
chr	NC_004552.2	557264	558676	+	-	-	CAB_RS02500	WP_011097107.1	470	magnesium transporter
chr	NC_004552.2	558816	560231	+	-	-	CAB_RS02505	WP_011097108.1	471	hypothetical protein
chr	NC_004552.2	560338	561738	-	-	-	CAB_RS02510	WP_011097109.1	466	amino acid permease
chr	NC_004552.2	561755	562804	-	-	-	CAB_RS02515	WP_011097110.1	349	class I fructose-bisphosphate aldolase
chr	NC_004552.2	562974	564920	+	-	-	CAB_RS02520	WP_011097111.1	648	hypothetical protein
chr	NC_004552.2	565063	566088	+	-	-	CAB_RS02525	WP_011097112.1	341	methionine import ATP-binding protein MetN
chr	NC_004552.2	566102	566767	+	-	-	CAB_RS02530	WP_006344131.1	221	ABC transporter permease subunit
chr	NC_004552.2	566764	567567	+	-	-	CAB_RS02535	WP_011097113.1	267	methionine-binding protein
chr	NC_004552.2	568471	568821	+	-	-	CAB_RS02545	WP_011097115.1	116	DUF721 domain-containing protein
chr	NC_004552.2	568825	571245	+	-	-	CAB_RS02550	WP_011097116.1	806	DNA topoisomerase (ATP-hydrolyzing) subunit B
chr	NC_004552.2	571261	573753	+	-	-	CAB_RS02555	WP_011097117.1	830	DNA topoisomerase (ATP-hydrolyzing) subunit A
chr	NC_004552.2	573766	574401	+	-	-	CAB_RS02560	WP_011097118.1	211	dTMP kinase
chr	NC_004552.2	574380	575267	+	-	-	CAB_RS02565	WP_041461329.1	295	DNA polymerase III subunit delta\'
chr	NC_004552.2	575244	575966	-	-	-	CAB_RS02570	WP_011097120.1	240	hydrolase
chr	NC_004552.2	576263	577129	+	-	-	CAB_RS02575	WP_041461330.1	288	Sua5/YciO/YrdC/YwlC family protein
chr	NC_004552.2	577126	578109	+	-	-	CAB_RS02580	WP_006344140.1	327	peptidase M19
chr	NC_004552.2	578173	579273	-	-	-	CAB_RS02585	WP_011097122.1	366	hypothetical protein
chr	NC_004552.2	579453	580553	-	-	-	CAB_RS02590	WP_011097123.1	366	hypothetical protein
chr	NC_004552.2	580752	581432	-	-	-	CAB_RS02595	WP_011097124.1	226	cytochrome D ubiquinol oxidase subunit II
chr	NC_004552.2	581625	582524	+	-	-	CAB_RS02600	WP_011097125.1	299	4-hydroxybenzoate octaprenyltransferase
chr	NC_004552.2	582538	583116	+	-	-	CAB_RS02605	WP_006344144.1	192	UbiX family flavin prenyltransferase
chr	NC_004552.2	583113	584006	-	-	-	CAB_RS02610	WP_006344145.1	297	YitT family protein
chr	NC_004552.2	584563	585399	-	-	-	CAB_RS02625	WP_006344146.1	278	5\'-nucleotidase SurE
chr	NC_004552.2	585446	586210	-	-	-	CAB_RS02630	WP_011097126.1	254	tRNA 2-thiocytidine biosynthesis protein TtcA
chr	NC_004552.2	586338	586811	+	-	-	CAB_RS02635	WP_011097127.1	157	hypothetical protein
chr	NC_004552.2	587186	588019	+	-	-	CAB_RS02650	WP_011097128.1	277	hypothetical protein
chr	NC_004552.2	588022	588867	+	-	-	CAB_RS02655	WP_011097129.1	281	hypothetical protein
chr	NC_004552.2	588871	589692	+	-	-	CAB_RS02660	WP_011097130.1	273	hypothetical protein
chr	NC_004552.2	589717	591099	-	-	-	CAB_RS02665	WP_011097131.1	460	30S ribosomal protein S12 methylthiotransferase RimO
chr	NC_004552.2	591198	591356	+	-	-	CAB_RS02670	WP_006343203.1	52	MULTISPECIES: 50S ribosomal protein L33
chr	NC_004552.2	591406	592917	+	-	-	CAB_RS02675	WP_011097132.1	503	ABC transporter permease
chr	NC_004552.2	592920	593591	+	-	-	CAB_RS02680	WP_011097133.1	223	ABC transporter ATP-binding protein
chr	NC_004552.2	595365	595817	+	-	-	CAB_RS02690	WP_011097134.1	150	50S ribosomal protein L13
chr	NC_004552.2	595831	596232	+	-	-	CAB_RS02695	WP_011097135.1	133	30S ribosomal protein S9
chr	NC_004552.2	596358	597209	-	-	-	CAB_RS02700	WP_011097136.1	283	peptidoglycan endopeptidase
chr	NC_004552.2	597264	597905	-	-	-	CAB_RS02705	WP_011097137.1	213	adenylate kinase
chr	NC_004552.2	598187	599320	+	-	-	CAB_RS02710	WP_011097138.1	377	membrane protein
chr	NC_004552.2	599337	599750	+	-	-	CAB_RS02715	WP_011097139.1	137	hypothetical protein
chr	NC_004552.2	599869	601005	+	-	-	CAB_RS02720	WP_011097140.1	378	hypothetical protein
chr	NC_004552.2	601041	601817	-	-	-	CAB_RS02725	WP_011097141.1	258	6-phosphogluconolactonase
chr	NC_004552.2	601841	603382	-	-	-	CAB_RS02730	WP_041461331.1	513	glucose-6-phosphate dehydrogenase
chr	NC_004552.2	603587	605173	-	-	-	CAB_RS02735	WP_011097143.1	528	peptide ABC transporter substrate-binding protein
chr	NC_004552.2	605119	606153	-	-	-	CAB_RS02740	WP_011097144.1	344	tRNA (adenosine(37)-N6)-threonylcarbamoyltransferase complex transferase subunit TsaD
chr	NC_004552.2	606725	607372	+	-	-	CAB_RS02750	WP_011097145.1	215	amino acid ABC transporter permease
chr	NC_004552.2	607369	608049	+	-	-	CAB_RS02755	WP_011097146.1	226	amino acid ABC transporter ATP-binding protein
chr	NC_004552.2	609571	612990	-	-	-	CAB_RS02765	WP_011097148.1	1139	hypothetical protein
chr	NC_004552.2	612987	614279	-	-	-	CAB_RS02770	WP_011097149.1	430	hypothetical protein
chr	NC_004552.2	614359	615174	-	-	-	CAB_RS02775	WP_035395318.1	271	methyltransferase domain-containing protein
chr	NC_004552.2	615254	616396	-	-	-	CAB_RS02780	WP_011097151.1	380	membrane protein
chr	NC_004552.2	616790	617485	+	-	-	CAB_RS02785	WP_006344169.1	231	ribulose-phosphate 3-epimerase
chr	NC_004552.2	617472	618029	+	-	-	CAB_RS02790	WP_011097152.1	185	elongation factor P
chr	NC_004552.2	618061	618561	+	-	-	CAB_RS02795	WP_011097153.1	166	acetyl-CoA carboxylase biotin carboxyl carrier protein
chr	NC_004552.2	618561	619916	+	-	-	CAB_RS02800	WP_006344172.1	451	acetyl-CoA carboxylase biotin carboxylase subunit
chr	NC_004552.2	623263	624252	-	-	-	CAB_RS02815	WP_006344174.1	329	hypothetical protein
chr	NC_004552.2	625937	626617	-	-	-	CAB_RS02825	WP_011097156.1	226	hypothetical protein
chr	NC_004552.2	626920	628488	-	-	-	CAB_RS02830	WP_011097157.1	522	DUF1389 domain-containing protein
chr	NC_004552.2	630197	631030	-	-	-	CAB_RS02840	WP_011097158.1	277	gamma-glutamylcyclotransferase
chr	NC_004552.2	631498	631965	+	-	-	CAB_RS02845	WP_011097159.1	155	membrane protein
chr	NC_004552.2	633304	633768	+	-	-	CAB_RS02855	WP_006344180.1	154	hypothetical protein
chr	NC_004552.2	634193	634864	+	-	-	CAB_RS02860	WP_011097160.1	223	hypothetical protein
chr	NC_004552.2	635042	636160	+	-	-	CAB_RS02865	WP_011097161.1	372	tRNA-guanosine(34) transglycosylase
chr	NC_004552.2	636396	636842	+	-	-	CAB_RS02870	WP_011097162.1	148	hypothetical protein
chr	NC_004552.2	637249	637713	+	-	-	CAB_RS02875	WP_011097163.1	154	membrane protein
chr	NC_004552.2	638785	639195	-	-	-	CAB_RS02885	WP_011097164.1	136	disulfide bond formation protein B
chr	NC_004552.2	639188	639886	-	-	-	CAB_RS02890	WP_011097165.1	232	DsbA family protein
chr	NC_004552.2	640014	641312	+	-	-	CAB_RS02895	WP_011097166.1	432	membrane protein
chr	NC_004552.2	641326	642030	-	-	-	CAB_RS02900	WP_011097167.1	234	hypothetical protein
chr	NC_004552.2	642015	642722	-	-	-	CAB_RS02905	WP_011097168.1	235	ABC transporter ATP-binding protein
chr	NC_004552.2	644069	644761	-	-	-	CAB_RS02925	WP_006344191.1	230	hypothetical protein
chr	NC_004552.2	644927	645691	+	-	-	CAB_RS02930	WP_011097169.1	254	3-deoxy-manno-octulosonate cytidylyltransferase
chr	NC_004552.2	645667	647280	+	-	pyrG	CAB_RS02935	WP_006344193.1	537	CTP synthase
chr	NC_004552.2	647273	647725	+	-	-	CAB_RS02940	WP_006344194.1	150	Holliday junction resolvase RuvX
chr	NC_004552.2	647973	649313	+	-	-	CAB_RS02945	WP_011097170.1	446	peptide ABC transporter substrate-binding protein
chr	NC_004552.2	649430	651037	+	-	-	CAB_RS02950	WP_011097171.1	535	peptide ABC transporter substrate-binding protein
chr	NC_004552.2	651242	652834	+	-	-	CAB_RS02955	WP_011097172.1	530	peptide ABC transporter substrate-binding protein
chr	NC_004552.2	653061	654032	+	-	-	CAB_RS02960	WP_011097173.1	323	ABC transporter permease
chr	NC_004552.2	654104	654958	+	-	-	CAB_RS02965	WP_041461332.1	284	ABC transporter permease
chr	NC_004552.2	654951	655817	+	-	-	CAB_RS02970	WP_011097175.1	288	ABC transporter ATP-binding protein
chr	NC_004552.2	655810	656595	+	-	-	CAB_RS02975	WP_011097176.1	261	ABC transporter ATP-binding protein
chr	NC_004552.2	656890	657639	+	-	-	CAB_RS02980	WP_035395328.1	249	DUF1186 domain-containing protein
chr	NC_004552.2	657686	659098	+	-	-	CAB_RS02985	WP_011097177.1	470	anion permease
chr	NC_004552.2	659209	660867	+	-	-	CAB_RS02990	WP_011097178.1	552	diphosphate--fructose-6-phosphate 1-phosphotransferase
chr	NC_004552.2	661026	661802	+	-	-	CAB_RS02995	WP_011097179.1	258	alpha/beta hydrolase
chr	NC_004552.2	661812	663437	+	-	-	CAB_RS03000	WP_011097180.1	541	diphosphate--fructose-6-phosphate 1-phosphotransferase
chr	NC_004552.2	663711	665012	-	-	-	CAB_RS03015	WP_082047644.1	433	3-deoxy-D-manno-octulosonic acid transferase
chr	NC_004552.2	665009	667471	-	-	-	CAB_RS03020	WP_011097182.1	820	leucine--tRNA ligase
chr	NC_004552.2	667702	668649	+	-	-	CAB_RS03025	WP_006344209.1	315	alpha/beta hydrolase
chr	NC_004552.2	668791	670311	+	-	-	CAB_RS03030	WP_011097183.1	506	FAD-dependent monooxygenase
chr	NC_004552.2	670416	674816	-	-	-	CAB_RS03035	WP_041461334.1	1466	hypothetical protein
chr	NC_004552.2	674977	676959	-	-	-	CAB_RS03040	WP_011097185.1	660	NAD-dependent DNA ligase LigA
chr	NC_004552.2	676967	678823	-	-	-	CAB_RS03045	WP_011097186.1	618	serine/threonine protein kinase
chr	NC_004552.2	679055	679447	-	-	-	CAB_RS03050	WP_011097187.1	130	hypothetical protein
chr	NC_004552.2	680641	680967	-	-	-	CAB_RS03060	WP_006344216.1	108	hypothetical protein
chr	NC_004552.2	681081	681485	-	-	-	CAB_RS03065	WP_011097189.1	134	hypothetical protein
chr	NC_004552.2	681564	683066	-	-	-	CAB_RS03070	WP_011097190.1	500	hypothetical protein
chr	NC_004552.2	686033	688552	+	-	-	CAB_RS03080	WP_011097191.1	839	autotransporter domain-containing protein
chr	NC_004552.2	688680	691274	-	-	-	CAB_RS03085	WP_011097192.1	864	AAA family ATPase
chr	NC_004552.2	691334	692137	-	-	-	CAB_RS03090	WP_011097193.1	267	MCE family protein
chr	NC_004552.2	692137	692913	-	-	-	CAB_RS03095	WP_011097194.1	258	ATP-binding cassette domain-containing protein
chr	NC_004552.2	692922	693707	-	-	-	CAB_RS03100	WP_011097195.1	261	ABC transporter permease
chr	NC_004552.2	693745	695058	-	-	-	CAB_RS03105	WP_011097196.1	437	glutamate-1-semialdehyde 2,1-aminomutase
chr	NC_004552.2	695151	695720	-	-	-	CAB_RS03110	WP_011097197.1	189	YqgE/AlgH family protein
chr	NC_004552.2	695742	696182	-	-	-	CAB_RS03115	WP_006344227.1	146	bifunctional nuclease family protein
chr	NC_004552.2	696179	696880	-	-	-	CAB_RS03120	WP_011097198.1	233	ribose 5-phosphate isomerase A
chr	NC_004552.2	698886	700136	-	-	-	CAB_RS03130	WP_011097200.1	416	DUF1389 domain-containing protein
chr	NC_004552.2	702479	703234	+	-	-	CAB_RS03140	WP_011097202.1	251	Nif3-like dinuclear metal center hexameric protein
chr	NC_004552.2	703327	705153	+	-	-	CAB_RS03145	WP_011097203.1	608	oligoendopeptidase F
chr	NC_004552.2	705281	705589	+	-	-	CAB_RS03150	WP_011097204.1	102	co-chaperone GroES
chr	NC_004552.2	705639	707273	+	-	-	CAB_RS03155	WP_011097205.1	544	chaperonin GroEL
chr	NC_004552.2	707378	708217	+	-	-	CAB_RS03160	WP_011097206.1	279	hypothetical protein
chr	NC_004552.2	710056	710871	-	-	-	CAB_RS03175	WP_011097209.1	271	hypothetical protein
chr	NC_004552.2	710968	711987	+	-	-	CAB_RS03180	WP_011097210.1	339	DMT family transporter
chr	NC_004552.2	712482	714680	+	-	-	CAB_RS03185	WP_011097211.1	732	ATP-dependent RecD-like DNA helicase
chr	NC_004552.2	714696	716351	-	-	-	CAB_RS03190	WP_011097212.1	551	methionine--tRNA ligase
chr	NC_004552.2	716351	716647	-	-	-	CAB_RS03195	WP_006344239.1	98	hypothetical protein
chr	NC_004552.2	716644	717258	-	-	-	CAB_RS03200	WP_006344240.1	204	guanylate kinase
chr	NC_004552.2	717265	717903	-	-	-	CAB_RS03205	WP_011097213.1	212	ribonuclease HII
chr	NC_004552.2	717957	718325	-	-	-	CAB_RS03210	WP_006344242.1	122	50S ribosomal protein L19
chr	NC_004552.2	718350	719417	-	-	-	CAB_RS03215	WP_011097214.1	355	tRNA (guanosine(37)-N1)-methyltransferase TrmD
chr	NC_004552.2	719433	719792	-	-	-	CAB_RS03220	WP_011097215.1	119	30S ribosomal protein S16
chr	NC_004552.2	719783	721126	-	-	-	CAB_RS03225	WP_011097216.1	447	signal recognition particle protein
chr	NC_004552.2	721153	722004	-	-	-	CAB_RS03230	WP_011097217.1	283	peptide chain release factor N(5)-glutamine methyltransferase
chr	NC_004552.2	721982	723067	-	-	-	CAB_RS03235	WP_011097218.1	361	peptide chain release factor 1
chr	NC_004552.2	723455	723781	-	-	-	CAB_RS03240	WP_006344248.1	108	type B 50S ribosomal protein L31
chr	NC_004552.2	723866	724621	+	-	-	CAB_RS03245	WP_006344249.1	251	hypothetical protein
chr	NC_004552.2	724920	726812	+	-	-	CAB_RS03250	WP_011097219.1	630	signal peptidase I
chr	NC_004552.2	726872	730003	-	-	-	CAB_RS03255	WP_011097220.1	1043	isoleucine--tRNA ligase
chr	NC_004552.2	730770	731279	+	-	-	CAB_RS03260	WP_011097221.1	169	hypothetical protein
chr	NC_004552.2	731274	732566	-	-	-	CAB_RS03265	WP_011097222.1	430	PhoH family protein
chr	NC_004552.2	732911	733648	+	-	-	CAB_RS03270	WP_041461337.1	245	hypothetical protein
chr	NC_004552.2	733793	735019	+	-	-	CAB_RS03275	WP_006344255.1	408	hypothetical protein
chr	NC_004552.2	736190	737251	-	-	-	CAB_RS03285	WP_011097225.1	353	cytochrome d ubiquinol oxidase subunit II
chr	NC_004552.2	737254	738594	-	-	-	CAB_RS03290	WP_011097226.1	446	cytochrome ubiquinol oxidase subunit I
chr	NC_004552.2	738793	739587	+	-	-	CAB_RS03295	WP_011097227.1	264	TIGR00159 family protein
chr	NC_004552.2	739584	740852	+	-	-	CAB_RS03300	WP_086380002.1	422	hypothetical protein
chr	NC_004552.2	741070	742437	+	-	-	CAB_RS03305	WP_011097228.1	455	lauroyl acyltransferase
chr	NC_004552.2	742495	742797	+	-	-	CAB_RS03310	WP_041461338.1	100	hypothetical protein
chr	NC_004552.2	742818	744263	-	-	-	CAB_RS03315	WP_011097229.1	481	pyruvate kinase
chr	NC_004552.2	744554	749974	+	-	-	CAB_RS03320	WP_011097230.1	1806	excinuclease ABC subunit A
chr	NC_004552.2	749969	752770	-	-	pknD	CAB_RS03325	WP_011097231.1	933	serine/threonine-protein kinase PknD
chr	NC_004552.2	752791	755613	-	-	-	CAB_RS03330	WP_011097232.1	940	valine--tRNA ligase
chr	NC_004552.2	755669	756145	-	-	-	CAB_RS03335	WP_011097233.1	158	hypothetical protein
chr	NC_004552.2	756105	756530	-	-	-	CAB_RS03340	WP_006344267.1	141	ATP synthase subunit C
chr	NC_004552.2	756665	758614	-	-	-	CAB_RS03345	WP_011097234.1	649	V-type ATP synthase subunit I
chr	NC_004552.2	758605	759231	-	-	-	CAB_RS03350	WP_011097235.1	208	V-type ATP synthase subunit D
chr	NC_004552.2	759216	760532	-	-	-	CAB_RS03355	WP_011097236.1	438	ATP synthase subunit beta
chr	NC_004552.2	760539	762314	-	-	-	CAB_RS03360	WP_011097237.1	591	V-type ATP synthase alpha chain
chr	NC_004552.2	762308	763108	-	-	-	CAB_RS03365	WP_011097238.1	266	DUF2764 family protein
chr	NC_004552.2	763154	763780	-	-	-	CAB_RS03370	WP_011097239.1	208	V-type ATP synthase subunit E
chr	NC_004552.2	763888	764640	+	-	-	CAB_RS03375	WP_011097240.1	250	hypothetical protein
chr	NC_004552.2	764655	765035	-	-	-	CAB_RS03380	WP_011097241.1	126	hypothetical protein
chr	NC_004552.2	765090	766073	-	-	-	CAB_RS03385	WP_011097242.1	327	transaldolase
chr	NC_004552.2	766187	770368	-	-	-	CAB_RS03390	WP_011097243.1	1393	DNA-directed RNA polymerase subunit beta\'
chr	NC_004552.2	770396	774154	-	-	-	CAB_RS03395	WP_011097244.1	1252	DNA-directed RNA polymerase subunit beta
chr	NC_004552.2	774294	774689	-	-	-	CAB_RS03400	WP_011097245.1	131	50S ribosomal protein L7/L12
chr	NC_004552.2	774731	775243	-	-	-	CAB_RS03405	WP_006344280.1	170	50S ribosomal protein L10
chr	NC_004552.2	775257	775955	-	-	-	CAB_RS03410	WP_011097246.1	232	50S ribosomal protein L1
chr	NC_004552.2	775978	776403	-	-	-	CAB_RS03415	WP_006343361.1	141	MULTISPECIES: 50S ribosomal protein L11
chr	NC_004552.2	776512	777060	-	-	-	CAB_RS03420	WP_006344282.1	182	transcription termination/antitermination protein NusG
chr	NC_004552.2	777065	777310	-	-	-	CAB_RS03425	WP_011097247.1	81	preprotein translocase subunit SecE
chr	NC_004552.2	777471	778655	-	-	-	CAB_RS03435	WP_006343364.1	394	MULTISPECIES: elongation factor Tu
chr	NC_004552.2	778848	779069	-	-	-	CAB_RS03445	WP_011097248.1	73	translation initiation factor IF-1
chr	NC_004552.2	779368	780354	+	-	-	CAB_RS03450	WP_006344284.1	328	hypothetical protein
chr	NC_004552.2	780357	780806	+	-	-	CAB_RS03455	WP_006344285.1	149	Fe-S metabolism protein SufE
chr	NC_004552.2	781329	781922	-	-	-	CAB_RS03465	WP_011097249.1	197	biotin biosynthesis protein BioY
chr	NC_004552.2	782200	783669	+	-	-	CAB_RS03470	WP_011097250.1	489	hypothetical protein
chr	NC_004552.2	783917	784267	-	-	-	CAB_RS03475	WP_011097251.1	116	hypothetical protein
chr	NC_004552.2	784339	786027	-	-	-	CAB_RS03480	WP_041461339.1	562	DUF687 domain-containing protein
chr	NC_004552.2	786387	786860	-	-	-	CAB_RS03485	WP_011097253.1	157	hypothetical protein
chr	NC_004552.2	787217	787504	-	-	-	CAB_RS05205	WP_006344291.1	95	hypothetical protein
chr	NC_004552.2	787635	788501	-	-	-	CAB_RS03490	WP_006344292.1	288	4-hydroxy-tetrahydrodipicolinate synthase
chr	NC_004552.2	788514	789836	-	-	-	CAB_RS03495	WP_011097254.1	440	aspartate kinase
chr	NC_004552.2	789824	790825	-	-	-	CAB_RS03500	WP_011097255.1	333	aspartate-semialdehyde dehydrogenase
chr	NC_004552.2	791006	791746	-	-	-	CAB_RS03505	WP_011097256.1	246	4-hydroxy-tetrahydrodipicolinate reductase
chr	NC_004552.2	791950	792783	+	-	-	CAB_RS03510	WP_011097257.1	277	phenylalanine 4-monooxygenase
chr	NC_004552.2	792770	793408	+	-	-	CAB_RS03515	WP_011097258.1	212	membrane protein
chr	NC_004552.2	793498	794631	+	-	-	CAB_RS03520	WP_011097259.1	377	membrane protein
chr	NC_004552.2	794595	795434	+	-	-	CAB_RS03525	WP_041461340.1	279	SDR family oxidoreductase
chr	NC_004552.2	795683	796678	+	-	-	CAB_RS03530	WP_011097261.1	331	biotin synthase
chr	NC_004552.2	796657	797805	+	-	-	CAB_RS03535	WP_011097262.1	382	pyridoxal phosphate-dependent aminotransferase family protein
chr	NC_004552.2	797790	798413	+	-	-	CAB_RS03540	WP_011097263.1	207	ATP-dependent dethiobiotin synthetase BioD
chr	NC_004552.2	798407	799684	+	-	-	CAB_RS03545	WP_011097264.1	425	adenosylmethionine--8-amino-7-oxononanoate transaminase
chr	NC_004552.2	799666	800325	+	-	-	CAB_RS03550	WP_011097265.1	219	hypothetical protein
chr	NC_004552.2	800409	801746	+	-	-	CAB_RS03555	WP_011097266.1	445	3-phosphoshikimate 1-carboxyvinyltransferase
chr	NC_004552.2	801682	802203	+	-	-	CAB_RS03560	WP_011097267.1	173	shikimate kinase
chr	NC_004552.2	802200	803279	+	-	-	CAB_RS03565	WP_011097268.1	359	chorismate synthase
chr	NC_004552.2	803276	804415	+	-	-	CAB_RS03570	WP_011097269.1	379	3-dehydroquinate synthase
chr	NC_004552.2	804396	805829	+	-	-	CAB_RS03575	WP_006344307.1	477	bifunctional 3-dehydroquinate dehydratase/shikimate dehydrogenase
chr	NC_004552.2	805880	806674	+	-	-	CAB_RS03580	WP_011097270.1	264	DUF2608 domain-containing protein
chr	NC_004552.2	806781	808127	+	-	-	CAB_RS03590	WP_011097271.1	448	porin
chr	NC_004552.2	808162	808749	+	-	-	CAB_RS03595	WP_011097272.1	195	pyruvoyl-dependent arginine decarboxylase AaxB
chr	NC_004552.2	808759	810219	+	-	-	CAB_RS03600	WP_011097273.1	486	arginine:agmatine antiporter
chr	NC_004552.2	810331	811371	+	-	-	CAB_RS03605	WP_011097274.1	346	FAD-binding oxidoreductase
chr	NC_004552.2	811361	812185	-	-	-	CAB_RS03610	WP_006344313.1	274	hypothetical protein
chr	NC_004552.2	812207	813193	-	-	-	CAB_RS03615	WP_041461342.1	328	malate dehydrogenase
chr	NC_004552.2	813545	813688	-	-	-	CAB_RS03620	WP_011097276.1	47	hypothetical protein
chr	NC_004552.2	813787	815382	-	-	-	CAB_RS03625	WP_011097277.1	531	glucose-6-phosphate isomerase
chr	NC_004552.2	815452	816351	+	-	-	CAB_RS03630	WP_011097278.1	299	site-specific tyrosine recombinase XerD
chr	NC_004552.2	816348	816647	-	-	-	CAB_RS03635	WP_006344318.1	99	hypothetical protein
chr	NC_004552.2	816999	818444	+	-	-	CAB_RS03645	WP_011097279.1	481	hypothetical protein
chr	NC_004552.2	818444	818962	+	-	-	CAB_RS03650	WP_006344320.1	172	CesD/SycD/LcrH family type III secretion system chaperone
chr	NC_004552.2	818981	820501	+	-	-	CAB_RS03655	WP_011097280.1	506	hypothetical protein
chr	NC_004552.2	820521	821999	+	-	-	CAB_RS03660	WP_011097281.1	492	hypothetical protein
chr	NC_004552.2	822007	822729	-	-	-	CAB_RS03665	WP_006344323.1	240	SAM-dependent methyltransferase
chr	NC_004552.2	822692	823621	-	-	-	CAB_RS03670	WP_011097282.1	309	4-hydroxy-3-methylbut-2-enyl diphosphate reductase
chr	NC_004552.2	823731	825542	-	-	-	CAB_RS03675	WP_011097283.1	603	protease-like activity factor CPAF
chr	NC_004552.2	825655	826917	-	-	-	CAB_RS03680	WP_011097284.1	420	sodium:proton antiporter
chr	NC_004552.2	827194	828894	+	-	-	CAB_RS03685	WP_011097285.1	566	solute carrier 26 family protein
chr	NC_004552.2	828891	830273	-	-	-	CAB_RS03690	WP_011097286.1	460	class II fumarate hydratase
chr	NC_004552.2	830325	832157	+	-	-	CAB_RS03695	WP_011097287.1	610	ABC transporter permease subunit
chr	NC_004552.2	832066	832716	-	-	-	CAB_RS03700	WP_011097288.1	216	adenylate kinase
chr	NC_004552.2	832807	833415	+	-	-	CAB_RS03705	WP_006344331.1	202	MarC family protein
chr	NC_004552.2	833428	834036	+	-	-	CAB_RS03710	WP_011097289.1	202	MarC family protein
chr	NC_004552.2	834046	834918	+	-	-	CAB_RS03715	WP_011097290.1	290	methionyl aminopeptidase
chr	NC_004552.2	834875	836149	-	-	-	CAB_RS03720	WP_011097291.1	424	hypothetical protein
chr	NC_004552.2	836162	836347	-	-	-	CAB_RS03725	WP_006344335.1	61	MULTISPECIES: hypothetical protein
chr	NC_004552.2	836654	837118	+	-	-	CAB_RS03730	WP_086380001.1	154	DUF720 domain-containing protein
chr	NC_004552.2	837170	837688	+	-	-	CAB_RS03735	WP_011097293.1	172	DUF720 domain-containing protein
chr	NC_004552.2	837708	838238	+	-	-	CAB_RS03740	WP_011097294.1	176	DUF720 domain-containing protein
chr	NC_004552.2	838319	839026	+	-	-	CAB_RS03745	WP_011097295.1	235	hypothetical protein
chr	NC_004552.2	839023	839253	-	-	-	CAB_RS03750	WP_006344340.1	76	hypothetical protein
chr	NC_004552.2	839243	839716	-	-	-	CAB_RS03755	WP_011097296.1	157	nucleoside deaminase
chr	NC_004552.2	839957	840226	+	-	-	CAB_RS03760	WP_006343425.1	89	MULTISPECIES: 30S ribosomal protein S15
chr	NC_004552.2	840274	842358	+	-	-	CAB_RS03765	WP_011097297.1	694	polyribonucleotide nucleotidyltransferase
chr	NC_004552.2	842460	845201	-	-	-	CAB_RS03770	WP_011097298.1	913	ATP-dependent zinc metalloprotease FtsH
chr	NC_004552.2	845375	846328	-	-	-	CAB_RS03775	WP_011097299.1	317	tRNA lysidine(34) synthetase TilS
chr	NC_004552.2	846442	847515	+	-	-	CAB_RS03780	WP_011097300.1	357	LptF/LptG family permease
chr	NC_004552.2	847519	848622	+	-	-	CAB_RS03785	WP_011097301.1	367	LptF/LptG family permease
chr	NC_004552.2	848609	850639	-	-	-	CAB_RS03790	WP_011097302.1	676	hypothetical protein
chr	NC_004552.2	850946	851971	-	-	-	CAB_RS03800	WP_011097303.1	341	phenylalanine--tRNA ligase subunit alpha
chr	NC_004552.2	851984	852349	-	-	-	CAB_RS03805	WP_041461344.1	121	50S ribosomal protein L20
chr	NC_004552.2	852368	852562	-	-	-	CAB_RS03810	WP_011006725.1	64	MULTISPECIES: 50S ribosomal protein L35
chr	NC_004552.2	852540	853100	-	-	-	CAB_RS03815	WP_041461345.1	186	translation initiation factor IF-3
chr	NC_004552.2	853495	853989	+	-	-	CAB_RS03820	WP_011097306.1	164	transcription antitermination factor NusB
chr	NC_004552.2	854027	854917	+	-	-	CAB_RS03825	WP_011097307.1	296	UDP-N-acetylenolpyruvoylglucosamine reductase
chr	NC_004552.2	855598	856272	-	-	-	CAB_RS05210	WP_011097308.1	224	tRNA (guanosine(46)-N7)-methyltransferase TrmB
chr	NC_004552.2	856449	857489	-	-	-	CAB_RS03840	WP_035395420.1	346	ribonucleotide-diphosphate reductase subunit beta
chr	NC_004552.2	857513	860650	-	-	-	CAB_RS03845	WP_011097309.1	1045	ribonucleoside-diphosphate reductase subunit alpha
chr	NC_004552.2	861026	861832	+	-	-	CAB_RS03850	WP_006344357.1	268	phosphatidylcholine/phosphatidylserine synthase
chr	NC_004552.2	861829	863067	+	-	-	CAB_RS03855	WP_011097310.1	412	DNA recombination protein RmuC
chr	NC_004552.2	863071	865995	-	-	-	CAB_RS03860	WP_011097311.1	974	insulinase family protein
chr	NC_004552.2	866145	867509	+	-	-	CAB_RS03865	WP_006344360.1	454	M20/M25/M40 family metallo-hydrolase
chr	NC_004552.2	867568	869034	-	-	-	CAB_RS03870	WP_011097312.1	488	DegQ family serine endoprotease
chr	NC_004552.2	869370	870245	-	-	-	CAB_RS03875	WP_006344362.1	291	succinate--CoA ligase subunit alpha
chr	NC_004552.2	870260	871420	-	-	-	CAB_RS03880	WP_011097313.1	386	ADP-forming succinate--CoA ligase subunit beta
chr	NC_004552.2	871491	872351	+	-	-	CAB_RS03885	WP_011097314.1	286	signal recognition particle-docking protein FtsY
chr	NC_004552.2	872366	873082	-	-	-	CAB_RS03890	WP_011097315.1	238	Bax inhibitor-1/YccA family protein
chr	NC_004552.2	873137	874324	-	-	-	CAB_RS03895	WP_006344366.1	395	amino acid transporter
chr	NC_004552.2	874394	876223	-	-	-	CAB_RS03900	WP_011097316.1	609	glutamine--fructose-6-phosphate transaminase (isomerizing)
chr	NC_004552.2	876232	877608	-	-	-	CAB_RS03905	WP_006344368.1	458	phosphoglucosamine mutase
chr	NC_004552.2	878219	879505	+	-	-	CAB_RS03910	WP_011097317.1	428	polynucleotide adenylyltransferase PcnB
chr	NC_004552.2	879519	881402	+	-	-	CAB_RS03915	WP_011097318.1	627	lipid-A-disaccharide synthase
chr	NC_004552.2	881695	882270	-	-	-	CAB_RS03920	WP_006344371.1	191	hypothetical protein
chr	NC_004552.2	882295	883365	-	-	-	CAB_RS03925	WP_011097319.1	356	IncA family protein
chr	NC_004552.2	884700	886109	-	-	-	CAB_RS03935	WP_011097320.1	469	IncA family protein
chr	NC_004552.2	886492	887280	-	-	-	CAB_RS05215	WP_072667784.1	262	hypothetical protein
chr	NC_004552.2	890185	891246	-	-	-	CAB_RS03950	WP_011097322.1	353	IncA family protein
chr	NC_004552.2	893505	894779	+	-	-	CAB_RS03960	WP_011097324.1	424	DUF1548 domain-containing protein
chr	NC_004552.2	894981	897803	+	-	-	CAB_RS03965	WP_011097325.1	940	DUF1539 domain-containing protein
chr	NC_004552.2	898177	899478	+	-	-	CAB_RS03970	WP_011097326.1	433	DUF1548 domain-containing protein
chr	NC_004552.2	899562	904163	-	-	-	CAB_RS03975	WP_011097327.1	1533	autotransporter domain-containing protein
chr	NC_004552.2	904268	905218	-	-	-	CAB_RS03980	WP_011097328.1	316	phosphate acyltransferase PlsX
chr	NC_004552.2	905234	905416	-	-	-	CAB_RS03985	WP_006344383.1	60	MULTISPECIES: 50S ribosomal protein L32
chr	NC_004552.2	905429	905890	-	-	-	CAB_RS03990	WP_006344384.1	153	hypothetical protein
chr	NC_004552.2	906201	907733	+	-	-	CAB_RS03995	WP_011097329.1	510	ribonuclease E/G
chr	NC_004552.2	907736	908737	+	-	-	CAB_RS04000	WP_006344386.1	333	glycerol-3-P acyltransferase
chr	NC_004552.2	908740	911550	+	-	-	CAB_RS04005	WP_011097330.1	936	peptidase M16
chr	NC_004552.2	911555	912907	-	-	-	CAB_RS04010	WP_006344388.1	450	membrane protein
chr	NC_004552.2	913103	913330	+	-	-	CAB_RS04015	WP_041461346.1	75	reticulate body protein Rbp-7
chr	NC_004552.2	913307	914182	-	-	-	CAB_RS04020	WP_011097331.1	291	4-(cytidine 5\'-diphospho)-2-C-methyl-D-erythritol kinase
chr	NC_004552.2	914227	914745	-	-	-	CAB_RS04025	WP_011097332.1	172	50S ribosomal protein L9
chr	NC_004552.2	914766	915029	-	-	-	CAB_RS04030	WP_011097333.1	87	30S ribosomal protein S18
chr	NC_004552.2	915047	915385	-	-	-	CAB_RS04035	WP_006343479.1	112	MULTISPECIES: 30S ribosomal protein S6
chr	NC_004552.2	915463	916014	-	-	-	CAB_RS04040	WP_006344394.1	183	peptidyl-tRNA hydrolase
chr	NC_004552.2	916023	916580	-	-	-	CAB_RS04045	WP_006344395.1	185	50S ribosomal protein L25
chr	NC_004552.2	917069	918496	+	-	-	CAB_RS04055	WP_006344396.1	475	glycogen synthase GlgA
chr	NC_004552.2	918478	919092	-	-	-	CAB_RS04060	WP_006344397.1	204	CDP-diacylglycerol--glycerol-3-phosphate 3-phosphatidyltransferase
chr	NC_004552.2	919202	919423	+	-	-	CAB_RS05070	WP_049765677.1	73	hypothetical protein
chr	NC_004552.2	919393	922410	+	-	-	CAB_RS04070	WP_011097334.1	1005	glycine--tRNA ligase
chr	NC_004552.2	922479	922958	-	-	-	CAB_RS04075	WP_011097335.1	159	hypothetical protein
chr	NC_004552.2	923044	923559	-	-	-	CAB_RS04080	WP_006344400.1	171	hypothetical protein
chr	NC_004552.2	923761	924273	-	-	-	CAB_RS04085	WP_006344401.1	170	hypothetical protein
chr	NC_004552.2	924419	924694	-	-	-	CAB_RS04090	WP_006344402.1	91	hypothetical protein
chr	NC_004552.2	924799	926574	-	-	-	CAB_RS04095	WP_011097336.1	591	DNA primase
chr	NC_004552.2	926876	929356	+	-	-	CAB_RS04100	WP_011097337.1	826	DNA mismatch repair protein MutS
chr	NC_004552.2	929360	931174	+	-	-	CAB_RS04105	WP_011097338.1	604	excinuclease ABC subunit UvrC
chr	NC_004552.2	931183	931671	-	-	-	CAB_RS04110	WP_006344406.1	162	Asp23/Gls24 family envelope stress response protein
chr	NC_004552.2	931762	932268	+	-	-	CAB_RS04115	WP_011097340.1	168	hypothetical protein
chr	NC_004552.2	932325	932630	-	-	-	CAB_RS04120	WP_006344408.1	101	MULTISPECIES: 30S ribosomal protein S14
chr	NC_004552.2	932656	932793	-	-	-	CAB_RS04125	WP_006344409.1	45	50S ribosomal protein L36
chr	NC_004552.2	933057	933194	+	-	-	CAB_RS05225	WP_006344410.1	45	MULTISPECIES: 50S ribosomal protein L34
chr	NC_004552.2	933208	933627	+	-	-	CAB_RS04130	WP_011097341.1	139	ribonuclease P protein component
chr	NC_004552.2	933569	934615	-	-	-	CAB_RS04135	WP_011097342.1	348	thioredoxin family protein
chr	NC_004552.2	935046	936476	+	-	-	CAB_RS04140	WP_011097343.1	476	cysteine--tRNA ligase
chr	NC_004552.2	936473	938053	-	-	-	CAB_RS04145	WP_011097344.1	526	lysine--tRNA ligase
chr	NC_004552.2	938282	938797	-	-	-	CAB_RS04150	WP_011097345.1	171	thioredoxin family protein
chr	NC_004552.2	938961	939674	+	-	-	CAB_RS04155	WP_006344416.1	237	hypothetical protein
chr	NC_004552.2	939626	941875	+	-	-	CAB_RS04160	WP_011097346.1	749	primosomal protein N\'
chr	NC_004552.2	941807	942913	-	-	-	CAB_RS04165	WP_011097347.1	368	aminotransferase class I/II-fold pyridoxal phosphate-dependent enzyme
chr	NC_004552.2	942964	944610	-	-	-	CAB_RS04170	WP_011097348.1	548	long-chain-fatty-acid--CoA ligase
chr	NC_004552.2	944603	945364	-	-	-	CAB_RS04175	WP_011097349.1	253	1-acyl-sn-glycerol-3-phosphate acyltransferase
chr	NC_004552.2	945472	946452	+	-	-	CAB_RS04180	WP_011097350.1	326	3\'(2\'),5\'-bisphosphate nucleotidase
chr	NC_004552.2	946449	947498	-	-	-	CAB_RS04185	WP_011097351.1	349	Glu/Leu/Phe/Val dehydrogenase
chr	NC_004552.2	947666	948316	+	-	-	CAB_RS04190	WP_011097352.1	216	inorganic pyrophosphatase
chr	NC_004552.2	948361	948810	-	-	-	CAB_RS04195	WP_006344424.1	149	NUDIX domain-containing protein
chr	NC_004552.2	948813	950063	-	-	-	CAB_RS04200	WP_011097353.1	416	beta-ketoacyl
chr	NC_004552.2	950081	950440	-	-	-	CAB_RS04205	WP_011097354.1	119	ribosome silencing factor
chr	NC_004552.2	951136	952800	-	-	-	CAB_RS04215	WP_011097355.1	554	hypothetical protein
chr	NC_004552.2	952890	953951	+	-	-	CAB_RS04220	WP_011097356.1	353	dehypoxanthine futalosine cyclase
chr	NC_004552.2	953942	954970	-	-	-	CAB_RS04225	WP_006344429.1	342	tRNA (adenosine(37)-N6)-dimethylallyltransferase MiaA
chr	NC_004552.2	954982	955314	-	-	-	CAB_RS04230	WP_006344430.1	110	anti-sigma factor antagonist
chr	NC_004552.2	955390	956178	+	-	-	CAB_RS04235	WP_006344431.1	262	hypothetical protein
chr	NC_004552.2	956175	956519	+	-	-	CAB_RS04240	WP_006344432.1	114	divalent-cation tolerance protein CutA
chr	NC_004552.2	956616	957044	+	-	-	CAB_RS04245	WP_006344433.1	142	KH domain-containing protein
chr	NC_004552.2	957110	959542	-	-	-	CAB_RS04250	WP_011097358.1	810	D-alanine--D-alanine ligase
chr	NC_004552.2	959551	960627	-	-	-	CAB_RS04255	WP_011097359.1	358	undecaprenyldiphospho-muramoylpentapeptide beta-N-acetylglucosaminyltransferase
chr	NC_004552.2	960536	961690	-	-	-	CAB_RS04260	WP_006344436.1	384	putative lipid II flippase FtsW
chr	NC_004552.2	961709	962437	-	-	-	CAB_RS04265	WP_011097360.1	242	LysM peptidoglycan-binding domain-containing protein
chr	NC_004552.2	962434	963696	-	-	-	CAB_RS04270	WP_011097361.1	420	UDP-N-acetylmuramoyl-L-alanine--D-glutamate ligase
chr	NC_004552.2	963700	964743	-	-	-	CAB_RS04275	WP_011097362.1	347	phospho-N-acetylmuramoyl-pentapeptide-transferase
chr	NC_004552.2	964761	966107	-	-	-	CAB_RS04280	WP_011097363.1	448	UDP-N-acetylmuramoyl-tripeptide--D-alanyl-D-alanine ligase
chr	NC_004552.2	966499	968025	+	-	-	CAB_RS04290	WP_011097364.1	508	chaperonin
chr	NC_004552.2	968398	969279	+	-	-	CAB_RS04295	WP_011097365.1	293	metallophosphoesterase
chr	NC_004552.2	969330	969551	-	-	-	CAB_RS04300	WP_035395373.1	73	hypothetical protein
chr	NC_004552.2	969610	970182	-	-	-	CAB_RS04305	WP_011097366.1	190	elongation factor P
chr	NC_004552.2	970386	971261	+	-	-	CAB_RS04310	WP_011097367.1	291	AMP nucleosidase
chr	NC_004552.2	971255	973252	-	-	-	CAB_RS04315	WP_011097368.1	665	transketolase
chr	NC_004552.2	973518	976145	+	-	-	CAB_RS04320	WP_011097369.1	875	alanine--tRNA ligase
chr	NC_004552.2	976115	979372	+	-	-	CAB_RS04325	WP_011097370.1	1085	transcription-repair coupling factor
chr	NC_004552.2	979382	980383	+	-	-	CAB_RS04330	WP_011097371.1	333	uroporphyrinogen decarboxylase
chr	NC_004552.2	980356	981732	+	-	-	CAB_RS04335	WP_011097372.1	458	oxygen-independent coproporphyrinogen III oxidase
chr	NC_004552.2	981729	982997	+	-	-	CAB_RS04340	WP_011097373.1	422	protoporphyrinogen oxidase
chr	NC_004552.2	982968	985472	-	-	-	CAB_RS04345	WP_011097374.1	834	hypothetical protein
chr	NC_004552.2	985885	986256	+	-	-	CAB_RS04350	WP_006344453.1	123	histone
chr	NC_004552.2	986480	987685	+	-	-	CAB_RS04355	WP_011097375.1	401	23S rRNA (uracil(1939)-C(5))-methyltransferase RlmD
chr	NC_004552.2	987756	988109	+	-	-	CAB_RS04360	WP_006344455.1	117	preprotein translocase subunit YajC
chr	NC_004552.2	988228	989523	+	-	-	CAB_RS04365	WP_011097376.1	431	NADH:ubiquinone reductase (Na(+)-transporting) subunit F
chr	NC_004552.2	996911	997198	+	-	-	CAB_RS05230	WP_072667771.1	95	hypothetical protein
chr	NC_004552.2	997334	997627	+	-	-	CAB_RS05235	WP_072667770.1	97	hypothetical protein
chr	NC_004552.2	997781	1000195	+	-	-	CAB_RS04400	WP_041461352.1	804	DNA translocase FtsK
chr	NC_004552.2	1000200	1000988	+	-	-	CAB_RS04405	WP_011097380.1	262	MBL fold metallo-hydrolase
chr	NC_004552.2	1000985	1001647	+	-	-	CAB_RS04410	WP_011097381.1	220	SET domain-containing protein-lysine N-methyltransferase
chr	NC_004552.2	1001652	1002104	-	-	-	CAB_RS04415	WP_011097382.1	150	YbhB/YbcL family Raf kinase inhibitor-like protein
chr	NC_004552.2	1002118	1003494	-	-	-	CAB_RS04420	WP_011097383.1	458	sodium:alanine symporter family protein
chr	NC_004552.2	1003604	1004248	-	-	-	CAB_RS04425	WP_011097384.1	214	hypothetical protein
chr	NC_004552.2	1004484	1005851	+	-	-	CAB_RS04430	WP_006344464.1	455	hypothetical protein
chr	NC_004552.2	1005869	1006333	-	-	-	CAB_RS04435	WP_006344465.1	154	6,7-dimethyl-8-ribityllumazine synthase
chr	NC_004552.2	1006346	1007611	-	-	-	CAB_RS04440	WP_006344466.1	421	bifunctional 3,4-dihydroxy-2-butanone-4-phosphate synthase/GTP cyclohydrolase II
chr	NC_004552.2	1007694	1008800	-	-	-	CAB_RS04445	WP_011097385.1	368	bifunctional diaminohydroxyphosphoribosylaminopyrimidine deaminase/5-amino-6-(5-phosphoribosylamino)uracil reductase RibD
chr	NC_004552.2	1008845	1010119	+	-	-	CAB_RS04450	WP_011097386.1	424	serine--tRNA ligase
chr	NC_004552.2	1010191	1010934	+	-	-	CAB_RS04455	WP_011097387.1	247	membrane protein
chr	NC_004552.2	1010950	1012923	+	-	-	CAB_RS04460	WP_011097388.1	657	cation-translocating P-type ATPase
chr	NC_004552.2	1012927	1014066	-	-	-	CAB_RS04465	WP_006344471.1	379	FtsW/RodA/SpoVE family cell cycle protein
chr	NC_004552.2	1014102	1014674	+	-	-	CAB_RS04470	WP_006344472.1	190	biotin-
chr	NC_004552.2	1014648	1015175	-	-	-	CAB_RS04475	WP_011097389.1	175	hypothetical protein
chr	NC_004552.2	1015218	1015916	-	-	-	CAB_RS04480	WP_006344474.1	232	rRNA pseudouridine synthase
chr	NC_004552.2	1016074	1016757	+	-	-	CAB_RS04485	WP_006344475.1	227	2,3-bisphosphoglycerate-dependent phosphoglycerate mutase
chr	NC_004552.2	1016712	1017869	+	-	-	CAB_RS04490	WP_011097390.1	385	aminotransferase class V-fold PLP-dependent enzyme
chr	NC_004552.2	1017866	1018687	+	-	-	CAB_RS04495	WP_011097391.1	273	hypothetical protein
chr	NC_004552.2	1018791	1019804	+	-	-	CAB_RS04500	WP_011097392.1	337	type III secretion system protein
chr	NC_004552.2	1019828	1020379	+	-	-	CAB_RS04505	WP_011097393.1	183	hypothetical protein
chr	NC_004552.2	1020376	1021680	+	-	-	CAB_RS04510	WP_006344480.1	434	FliI/YscN family ATPase
chr	NC_004552.2	1021673	1022047	+	-	-	CAB_RS04515	WP_011097394.1	124	hypothetical protein
chr	NC_004552.2	1022053	1023435	+	-	-	CAB_RS04520	WP_011097395.1	460	UDP-N-acetylglucosamine pyrophosphorylase
chr	NC_004552.2	1023432	1024436	+	-	-	CAB_RS04525	WP_011097396.1	334	NAD(P)-dependent glycerol-3-phosphate dehydrogenase
chr	NC_004552.2	1024568	1025602	+	-	-	CAB_RS04530	WP_011097397.1	344	membrane protein
chr	NC_004552.2	1025599	1026765	-	-	-	CAB_RS04535	WP_011097398.1	388	hypothetical protein
chr	NC_004552.2	1026774	1029014	-	-	-	CAB_RS04540	WP_006344486.1	746	hypothetical protein
chr	NC_004552.2	1029129	1030940	-	-	-	CAB_RS04545	WP_011097399.1	603	phosphoenolpyruvate carboxykinase (GTP)
chr	NC_004552.2	1030937	1032037	-	-	-	CAB_RS04550	WP_006343575.1	366	MULTISPECIES: rod shape-determining protein
chr	NC_004552.2	1032042	1035539	-	-	-	CAB_RS04555	WP_011097401.1	1165	DEAD/DEAH box helicase
chr	NC_004552.2	1035835	1037160	+	-	-	CAB_RS04565	WP_011097402.1	441	trigger factor
chr	NC_004552.2	1037339	1037950	+	-	-	CAB_RS04570	WP_006343578.1	203	MULTISPECIES: ATP-dependent Clp protease proteolytic subunit
chr	NC_004552.2	1037960	1039225	+	-	-	CAB_RS04575	WP_006343579.1	421	MULTISPECIES: ATP-dependent Clp protease ATP-binding subunit ClpX
chr	NC_004552.2	1039255	1040487	+	-	-	CAB_RS04580	WP_011097403.1	410	CCA tRNA nucleotidyltransferase
chr	NC_004552.2	1040610	1042034	+	-	-	CAB_RS04585	WP_011097404.1	474	ribosome biogenesis GTPase Der
chr	NC_004552.2	1042695	1045604	-	-	-	CAB_RS04595	WP_011097405.1	969	preprotein translocase subunit SecA
chr	NC_004552.2	1045687	1045866	+	-	-	CAB_RS05240	WP_072667763.1	59	hypothetical protein
chr	NC_004552.2	1045790	1047115	-	-	-	CAB_RS04600	WP_011097406.1	441	hypothetical protein
chr	NC_004552.2	1047181	1048080	-	-	-	CAB_RS04605	WP_011097407.1	299	phosphatidylserine decarboxylase
chr	NC_004552.2	1048237	1049568	+	-	-	CAB_RS04610	WP_011097408.1	443	tRNA uridine-5-carboxymethylaminomethyl(34) synthesis GTPase MnmE
chr	NC_004552.2	1049558	1050217	+	-	-	CAB_RS04615	WP_011097409.1	219	endonuclease III
chr	NC_004552.2	1050371	1051600	+	-	-	CAB_RS04620	WP_011097410.1	409	branched-chain amino acid transport system II carrier protein
chr	NC_004552.2	1051635	1055255	+	-	-	CAB_RS04625	WP_006344501.1	1206	DEAD/DEAH box helicase
chr	NC_004552.2	1055279	1055743	-	-	-	CAB_RS04630	WP_011097411.1	154	phage holin family protein
chr	NC_004552.2	1056005	1057393	+	-	-	CAB_RS04635	WP_011097412.1	462	dihydrolipoyl dehydrogenase
chr	NC_004552.2	1057390	1058322	+	-	-	CAB_RS04640	WP_011097413.1	310	lipoyl synthase
chr	NC_004552.2	1058534	1059526	+	-	-	CAB_RS04645	WP_011097414.1	330	EscJ/YscJ/HrcJ family type III secretion inner membrane ring protein
chr	NC_004552.2	1059526	1060359	+	-	-	CAB_RS04650	WP_011097415.1	277	hypothetical protein
chr	NC_004552.2	1060525	1061181	+	-	-	CAB_RS04655	WP_011097416.1	218	HrpE/YscL family type III secretion apparatus protein
chr	NC_004552.2	1061196	1062113	+	-	-	CAB_RS04660	WP_006344508.1	305	EscR/YscR/HrcR family type III secretion system export apparatus protein
chr	NC_004552.2	1062123	1062407	+	-	-	CAB_RS04665	WP_006343598.1	94	MULTISPECIES: EscS/YscS/HrcS family type III secretion system export apparatus protein
chr	NC_004552.2	1062414	1063283	+	-	-	CAB_RS04670	WP_011097417.1	289	EscT/YscT/HrcT family type III secretion system export apparatus protein
chr	NC_004552.2	1063373	1063816	-	-	-	CAB_RS04675	WP_011097418.1	147	hypothetical protein
chr	NC_004552.2	1063908	1064912	-	-	-	CAB_RS04680	WP_011097419.1	334	hypothetical protein
chr	NC_004552.2	1064915	1065457	-	-	-	CAB_RS04685	WP_006344512.1	180	DUF1494 domain-containing protein
chr	NC_004552.2	1065442	1065885	-	-	-	CAB_RS04690	WP_011097420.1	147	hypothetical protein
chr	NC_004552.2	1065888	1066265	-	-	-	CAB_RS04695	WP_006344514.1	125	prepilin-type cleavage/methylation domain-containing protein
chr	NC_004552.2	1066284	1067459	-	-	-	CAB_RS04700	WP_011097421.1	391	type II secretion system F family protein
chr	NC_004552.2	1067470	1068963	-	-	-	CAB_RS04705	WP_011097422.1	497	type II/IV secretion system protein
chr	NC_004552.2	1068953	1071214	-	-	-	CAB_RS04710	WP_011097423.1	753	type II secretion system protein GspD
chr	NC_004552.2	1071215	1072528	-	-	-	CAB_RS04715	WP_006344518.1	437	hypothetical protein
chr	NC_004552.2	1072649	1073719	-	-	-	CAB_RS04720	WP_011097424.1	356	aminopeptidase P family protein
chr	NC_004552.2	1073723	1075471	-	-	-	CAB_RS04725	WP_011097425.1	582	DNA mismatch repair endonuclease MutL
chr	NC_004552.2	1075699	1076382	+	-	-	CAB_RS04730	WP_006344521.1	227	CesD/SycD/LcrH family type III secretion system chaperone
chr	NC_004552.2	1076406	1076795	+	-	-	CAB_RS04735	WP_006344522.1	129	hypothetical protein
chr	NC_004552.2	1076834	1078318	+	-	-	CAB_RS04740	WP_011097426.1	494	type III secretion system membrane protein
chr	NC_004552.2	1078348	1079670	+	-	-	CAB_RS04745	WP_011097427.1	440	type III secretion system protein
chr	NC_004552.2	1079746	1080648	-	-	-	CAB_RS04750	WP_011097428.1	300	DMT family transporter
chr	NC_004552.2	1080854	1082761	+	-	-	CAB_RS04755	WP_011097429.1	635	threonine--tRNA ligase
chr	NC_004552.2	1082792	1083559	+	-	-	CAB_RS04760	WP_006344527.1	255	ParA family protein
chr	NC_004552.2	1083564	1084316	+	-	-	CAB_RS04765	WP_006344528.1	250	virulence factor
chr	NC_004552.2	1084319	1084873	+	-	-	CAB_RS04770	WP_006344529.1	184	hypothetical protein
chr	NC_004552.2	1084885	1085922	+	-	-	CAB_RS04775	WP_011097430.1	345	tryptophan--tRNA ligase
chr	NC_004552.2	1085938	1087908	+	-	-	CAB_RS04780	WP_011097431.1	656	excinuclease ABC subunit B
chr	NC_004552.2	1088083	1089357	+	-	-	CAB_RS04785	WP_011097432.1	424	phosphopyruvate hydratase
chr	NC_004552.2	1089613	1091520	+	-	-	CAB_RS04790	WP_011097433.1	635	HAMP domain-containing protein
chr	NC_004552.2	1091517	1093337	+	-	-	CAB_RS04795	WP_011097434.1	606	hypothetical protein
chr	NC_004552.2	1093323	1093529	-	-	-	CAB_RS04800	WP_041461367.1	68	hypothetical protein
chr	NC_004552.2	1093897	1096788	+	-	-	CAB_RS04805	WP_011097435.1	963	hypothetical protein
chr	NC_004552.2	1096785	1097576	-	-	-	CAB_RS04810	WP_011097436.1	263	succinate dehydrogenase iron-sulfur subunit
chr	NC_004552.2	1097591	1099474	-	-	-	CAB_RS04815	WP_011097437.1	627	succinate dehydrogenase flavoprotein subunit
chr	NC_004552.2	1099479	1100375	-	-	-	CAB_RS04820	WP_011097438.1	298	succinate dehydrogenase
chr	NC_004552.2	1100467	1101267	-	-	-	CAB_RS04825	WP_006344539.1	266	YchF/TatD family DNA exonuclease
chr	NC_004552.2	1101437	1103575	-	-	-	CAB_RS04830	WP_011097439.1	712	thio:disulfide interchange protein
chr	NC_004552.2	1103747	1104445	+	-	-	CAB_RS04835	WP_011097440.1	232	MotA/TolQ/ExbB proton channel family protein
chr	NC_004552.2	1104442	1104849	+	-	-	CAB_RS04840	WP_006344542.1	135	biopolymer transporter ExbD
chr	NC_004552.2	1104852	1105610	+	-	-	CAB_RS04845	WP_011097441.1	252	hypothetical protein
chr	NC_004552.2	1105630	1106913	+	-	tolB	CAB_RS04850	WP_011097442.1	427	protein TolB
chr	NC_004552.2	1106924	1107499	+	-	-	CAB_RS04855	WP_006344545.1	191	OmpA family protein
chr	NC_004552.2	1107489	1108106	+	-	-	CAB_RS04860	WP_006344546.1	205	LysM peptidoglycan-binding domain-containing protein
chr	NC_004552.2	1108205	1108603	+	-	-	CAB_RS04865	WP_006344547.1	132	hypothetical protein
chr	NC_004552.2	1108600	1109190	-	-	-	CAB_RS04870	WP_006344548.1	196	peroxiredoxin
chr	NC_004552.2	1109417	1111057	-	-	-	CAB_RS04880	WP_011097443.1	546	molecular chaperone GroEL
chr	NC_004552.2	1111161	1112402	-	-	-	CAB_RS04885	WP_011097444.1	413	DUF1343 domain-containing protein
chr	NC_004552.2	1112637	1113257	+	-	-	CAB_RS04890	WP_011097445.1	206	RdgB/HAM1 family non-canonical purine NTP pyrophosphatase
chr	NC_004552.2	1113240	1113473	-	-	-	CAB_RS04895	WP_006344552.1	77	hypothetical protein
chr	NC_004552.2	1113470	1114159	-	-	-	CAB_RS04900	WP_006344553.1	229	uracil-DNA glycosylase
chr	NC_004552.2	1114273	1116186	+	-	-	CAB_RS04905	WP_011097446.1	637	ATP-dependent DNA helicase
chr	NC_004552.2	1116189	1117460	+	-	-	CAB_RS04910	WP_011097447.1	423	RNA polymerase factor sigma-54
chr	NC_004552.2	1117482	1118279	-	-	-	CAB_RS04915	WP_006344556.1	265	hypothetical protein
chr	NC_004552.2	1118928	1121546	+	-	-	CAB_RS04920	WP_011097448.1	872	type I DNA topoisomerase
chr	NC_004552.2	1121492	1122511	-	-	-	CAB_RS04925	WP_011097449.1	339	tRNA dihydrouridine synthase DusB
chr	NC_004552.2	1122490	1122786	-	-	-	CAB_RS04930	WP_006344559.1	98	YggT family protein
chr	NC_004552.2	1122884	1124281	+	-	-	CAB_RS04935	WP_011097450.1	465	hypothetical protein
chr	NC_004552.2	1124278	1124862	+	-	-	CAB_RS04940	WP_006344561.1	194	hypothetical protein
chr	NC_004552.2	1124853	1126130	+	-	-	CAB_RS04945	WP_011097451.1	425	hypothetical protein
chr	NC_004552.2	1126133	1126675	+	-	-	CAB_RS04950	WP_011097452.1	180	5-formyltetrahydrofolate cyclo-ligase
chr	NC_004552.2	1127088	1128137	+	-	-	CAB_RS04955	WP_011097453.1	349	recombinase RecA
chr	NC_004552.2	1128190	1128915	-	-	-	CAB_RS04960	WP_011097454.1	241	CADD family putative folate metabolism protein
chr	NC_004552.2	1128938	1129666	-	-	-	CAB_RS04965	WP_011097455.1	242	putative folate metabolism gamma-glutamate ligase
chr	NC_004552.2	1129638	1130126	-	-	-	CAB_RS04970	WP_011097456.1	162	dihydrofolate reductase
chr	NC_004552.2	1130119	1131462	-	-	-	CAB_RS04975	WP_011097457.1	447	dihydropteroate synthase
chr	NC_004552.2	1131459	1131815	-	-	-	CAB_RS05245	WP_082047651.1	118	dihydroneopterin aldolase
chr	NC_004552.2	1131869	1133584	-	-	-	CAB_RS04985	WP_006344569.1	571	RNA polymerase sigma factor
chr	NC_004552.2	1133695	1134900	-	-	-	CAB_RS04990	WP_011097458.1	401	hypothetical protein
chr	NC_004552.2	1135184	1135480	+	-	-	CAB_RS04995	WP_011097459.1	98	30S ribosomal protein S20
chr	NC_004552.2	1135500	1136333	+	-	-	CAB_RS05000	WP_011097460.1	277	hypothetical protein
chr	NC_004552.2	1136343	1137857	-	-	-	CAB_RS05005	WP_011097461.1	504	exodeoxyribonuclease V subunit alpha
chr	NC_004552.2	1137872	1139716	-	-	-	CAB_RS05010	WP_011097462.1	614	DUF1347 domain-containing protein
chr	NC_004552.2	1139912	1140625	+	-	-	CAB_RS05015	WP_011097463.1	237	DNA-binding response regulator
chr	NC_004552.2	1140685	1141299	+	-	-	CAB_RS05020	WP_006344576.1	204	glucosamine-1-phosphate N-acetyltransferase
chr	NC_004552.2	1141316	1142197	+	-	-	CAB_RS05025	WP_011097464.1	293	polyprenyl synthetase family protein
chr	NC_004552.2	1142302	1142556	-	-	-	CAB_RS05035	WP_006343670.1	84	MULTISPECIES: hypothetical protein
chr	NC_004552.2	1142639	1144231	-	-	-	CAB_RS05040	WP_011097465.1	530	hypothetical protein
